<?xml version="1.0"?>
<FileZilla3 version="3.27.1" platform="mac">
	<Layout Builddate="2017-08-14" Buildtime="18:07:39">
		<Resources>
			<xrc file="sitemanager.xrc" date="1506024742" />
			<xrc file="inputdialog.xrc" date="1506024742" />
			<xrc file="netconfwizard.xrc" date="1506024742" />
			<xrc file="update.xrc" date="1506024742" />
			<xrc file="settings.xrc" date="1506024742" />
			<xrc file="certificate.xrc" date="1506024742" />
			<xrc file="storj.xrc" date="1506024742" />
			<xrc file="menus.xrc" date="1506024742" />
			<xrc file="dialogs.xrc" date="1506024742" />
		</Resources>
		<Language id="default" date="">
			<Font font="0;13;70;90;90;0;.SF NS Text;49" width="779" height="15" />
			<Dialog name="Site Manager" width="653" />
		</Language>
	</Layout>
</FileZilla3>
