<?xml version="1.0" encoding="UTF-8"?>
<FileZilla3 version="3.27.1" platform="mac">
	<RecentServers>
		<Server>
			<Host>sftp.vfc.com</Host>
			<Port>22</Port>
			<Protocol>1</Protocol>
			<Type>0</Type>
			<User>PCMUSER</User>
			<Pass encoding="base64">ckdESjlRMDI=</Pass>
			<Logontype>1</Logontype>
			<TimezoneOffset>0</TimezoneOffset>
			<PasvMode>MODE_DEFAULT</PasvMode>
			<MaximumMultipleConnections>0</MaximumMultipleConnections>
			<EncodingType>Auto</EncodingType>
			<BypassProxy>0</BypassProxy>
		</Server>
		<Server>
			<Host>sftp.vfc.com</Host>
			<Port>21</Port>
			<Protocol>0</Protocol>
			<Type>0</Type>
			<User>PCMUSER</User>
			<Pass encoding="base64">ckdESjlRMDI=</Pass>
			<Logontype>1</Logontype>
			<TimezoneOffset>0</TimezoneOffset>
			<PasvMode>MODE_DEFAULT</PasvMode>
			<MaximumMultipleConnections>0</MaximumMultipleConnections>
			<EncodingType>Auto</EncodingType>
			<BypassProxy>0</BypassProxy>
		</Server>
	</RecentServers>
</FileZilla3>
