<?xml version="1.0" encoding="UTF-8"?>
<FileZilla3 version="3.27.1" platform="mac">
	<Servers>
		<Server>
			<Host>localhost</Host>
			<Port>21</Port>
			<Protocol>0</Protocol>
			<Type>0</Type>
			<Logontype>0</Logontype>
			<TimezoneOffset>0</TimezoneOffset>
			<PasvMode>MODE_DEFAULT</PasvMode>
			<MaximumMultipleConnections>0</MaximumMultipleConnections>
			<EncodingType>Auto</EncodingType>
			<BypassProxy>0</BypassProxy>
			<Name>New site</Name>
			<Comments />
			<Colour>0</Colour>
			<LocalDir />
			<RemoteDir />
			<SyncBrowsing>0</SyncBrowsing>
			<DirectoryComparison>0</DirectoryComparison>
		</Server>
	</Servers>
</FileZilla3>
