{"kind":"APIGroupList","apiVersion":"v1","groups":[{"name":"","versions":[{"groupVersion":"v1","version":"v1"}],"preferredVersion":{"groupVersion":"v1","version":"v1"},"serverAddressByClientCIDRs":null},{"name":"apiregistration.k8s.io","versions":[{"groupVersion":"apiregistration.k8s.io/v1","version":"v1"},{"groupVersion":"apiregistration.k8s.io/v1beta1","version":"v1beta1"}],"preferredVersion":{"groupVersion":"apiregistration.k8s.io/v1","version":"v1"},"serverAddressByClientCIDRs":null},{"name":"extensions","versions":[{"groupVersion":"extensions/v1beta1","version":"v1beta1"}],"preferredVersion":{"groupVersion":"extensions/v1beta1","version":"v1beta1"},"serverAddressByClientCIDRs":null},{"name":"apps","versions":[{"groupVersion":"apps/v1","version":"v1"},{"groupVersion":"apps/v1beta2","version":"v1beta2"},{"groupVersion":"apps/v1beta1","version":"v1beta1"}],"preferredVersion":{"groupVersion":"apps/v1","version":"v1"},"serverAddressByClientCIDRs":null},{"name":"events.k8s.io","versions":[{"groupVersion":"events.k8s.io/v1beta1","version":"v1beta1"}],"preferredVersion":{"groupVersion":"events.k8s.io/v1beta1","version":"v1beta1"},"serverAddressByClientCIDRs":null},{"name":"authentication.k8s.io","versions":[{"groupVersion":"authentication.k8s.io/v1","version":"v1"},{"groupVersion":"authentication.k8s.io/v1beta1","version":"v1beta1"}],"preferredVersion":{"groupVersion":"authentication.k8s.io/v1","version":"v1"},"serverAddressByClientCIDRs":null},{"name":"authorization.k8s.io","versions":[{"groupVersion":"authorization.k8s.io/v1","version":"v1"},{"groupVersion":"authorization.k8s.io/v1beta1","version":"v1beta1"}],"preferredVersion":{"groupVersion":"authorization.k8s.io/v1","version":"v1"},"serverAddressByClientCIDRs":null},{"name":"autoscaling","versions":[{"groupVersion":"autoscaling/v1","version":"v1"},{"groupVersion":"autoscaling/v2beta1","version":"v2beta1"}],"preferredVersion":{"groupVersion":"autoscaling/v1","version":"v1"},"serverAddressByClientCIDRs":null},{"name":"batch","versions":[{"groupVersion":"batch/v1","version":"v1"},{"groupVersion":"batch/v1beta1","version":"v1beta1"}],"preferredVersion":{"groupVersion":"batch/v1","version":"v1"},"serverAddressByClientCIDRs":null},{"name":"certificates.k8s.io","versions":[{"groupVersion":"certificates.k8s.io/v1beta1","version":"v1beta1"}],"preferredVersion":{"groupVersion":"certificates.k8s.io/v1beta1","version":"v1beta1"},"serverAddressByClientCIDRs":null},{"name":"networking.k8s.io","versions":[{"groupVersion":"networking.k8s.io/v1","version":"v1"}],"preferredVersion":{"groupVersion":"networking.k8s.io/v1","version":"v1"},"serverAddressByClientCIDRs":null},{"name":"policy","versions":[{"groupVersion":"policy/v1beta1","version":"v1beta1"}],"preferredVersion":{"groupVersion":"policy/v1beta1","version":"v1beta1"},"serverAddressByClientCIDRs":null},{"name":"rbac.authorization.k8s.io","versions":[{"groupVersion":"rbac.authorization.k8s.io/v1","version":"v1"},{"groupVersion":"rbac.authorization.k8s.io/v1beta1","version":"v1beta1"}],"preferredVersion":{"groupVersion":"rbac.authorization.k8s.io/v1","version":"v1"},"serverAddressByClientCIDRs":null},{"name":"storage.k8s.io","versions":[{"groupVersion":"storage.k8s.io/v1","version":"v1"},{"groupVersion":"storage.k8s.io/v1beta1","version":"v1beta1"}],"preferredVersion":{"groupVersion":"storage.k8s.io/v1","version":"v1"},"serverAddressByClientCIDRs":null},{"name":"admissionregistration.k8s.io","versions":[{"groupVersion":"admissionregistration.k8s.io/v1beta1","version":"v1beta1"}],"preferredVersion":{"groupVersion":"admissionregistration.k8s.io/v1beta1","version":"v1beta1"},"serverAddressByClientCIDRs":null},{"name":"apiextensions.k8s.io","versions":[{"groupVersion":"apiextensions.k8s.io/v1beta1","version":"v1beta1"}],"preferredVersion":{"groupVersion":"apiextensions.k8s.io/v1beta1","version":"v1beta1"},"serverAddressByClientCIDRs":null},{"name":"compose.docker.com","versions":[{"groupVersion":"compose.docker.com/v1beta2","version":"v1beta2"},{"groupVersion":"compose.docker.com/v1beta1","version":"v1beta1"}],"preferredVersion":{"groupVersion":"compose.docker.com/v1beta2","version":"v1beta2"},"serverAddressByClientCIDRs":null}]}
