{"save-time":1557830756,"time-offset":false,"files":["/Users/sivdevas/work/docs/sapient/Programs/vf/pcm.phase.1/performance.optimizations/vfCorpLog1.rpt"],"views":{"log":{"top_line":-1,"search":"","word_wrap":false,"commands":[]},"text":{"top_line":0,"search":"","word_wrap":false,"commands":[]},"help":{"top_line":1983,"search":"","word_wrap":true,"commands":[]},"histogram":{"top_line":-1,"search":"","word_wrap":false,"commands":[]},"db":{"top_line":-1,"search":"","word_wrap":false,"commands":[]},"schema":{"top_line":-1,"search":"","word_wrap":false},"pretty":{"top_line":-1,"search":"","word_wrap":false},"spectro":{"top_line":-1,"search":"","word_wrap":false,"commands":[]}}}