{"save-time":1557924199,"time-offset":false,"files":["/Users/sivdevas/work/docs/sapient/Programs/vf/pcm.phase.1/performance.optimizations/vfCorpLog1.rpt"],"views":{"log":{"top_line":-1,"search":"","word_wrap":false,"commands":[]},"text":{"top_line":10123,"search":"took ","word_wrap":false,"commands":["filter-in Logger:","filter-in 114178","filter-in took "]},"help":{"top_line":228,"search":"","word_wrap":true,"commands":[]},"histogram":{"top_line":-1,"search":"","word_wrap":false,"commands":[]},"db":{"top_line":-1,"search":"","word_wrap":false,"commands":[]},"schema":{"top_line":-1,"search":"","word_wrap":false},"pretty":{"top_line":0,"search":"","word_wrap":false,"commands":[]},"spectro":{"top_line":-1,"search":"","word_wrap":false,"commands":[]}}}