{"save-time":1558942110,"time-offset":false,"files":["/Users/sivdevas/work/docs/sapient/Programs/vf/pcm.phase.1/performance.optimizations/vanspelpsq1605.json"],"views":{"log":{"top_line":-1,"search":"","word_wrap":false,"commands":[]},"text":{"top_line":-1,"search":"","word_wrap":false,"commands":[]},"help":{"top_line":0,"search":"","word_wrap":true,"commands":[]},"histogram":{"top_line":-1,"search":"","word_wrap":false,"commands":[]},"db":{"top_line":-1,"search":"","word_wrap":false,"commands":[]},"schema":{"top_line":-1,"search":"","word_wrap":false},"pretty":{"top_line":5,"search":"\"added\"","word_wrap":false,"commands":["filter-in ChannelLinkDeleted"]},"spectro":{"top_line":-1,"search":"","word_wrap":false,"commands":[]}}}