{"save-time":1557924345,"time-offset":false,"files":["/private/var/log/system.log"],"views":{"log":{"top_line":765,"search":"","word_wrap":false,"commands":[]},"text":{"top_line":-1,"search":"","word_wrap":false,"commands":[]},"help":{"top_line":367,"search":"","word_wrap":true,"commands":[]},"histogram":{"top_line":68,"search":"","word_wrap":false,"commands":[]},"db":{"top_line":-1,"search":"","word_wrap":false,"commands":[]},"schema":{"top_line":-1,"search":"","word_wrap":false},"pretty":{"top_line":-1,"search":"","word_wrap":false},"spectro":{"top_line":-1,"search":"","word_wrap":false,"commands":[]}}}