{"kind":"APIResourceList","apiVersion":"v1","groupVersion":"certificates.k8s.io/v1beta1","resources":[{"name":"certificatesigningrequests","singularName":"","namespaced":false,"kind":"CertificateSigningRequest","verbs":["create","delete","deletecollection","get","list","patch","update","watch"],"shortNames":["csr"]},{"name":"certificatesigningrequests/approval","singularName":"","namespaced":false,"kind":"CertificateSigningRequest","verbs":["update"]},{"name":"certificatesigningrequests/status","singularName":"","namespaced":false,"kind":"CertificateSigningRequest","verbs":["update"]}]}
