﻿{
  "TemplateInfo": [
    {
      "ConfigMountPointId": "7885b9cf-3012-49db-b435-8390567636ef",
      "Author": "Microsoft",
      "Classifications": [
        "Azure Function",
        "Trigger",
        "Storage Queue"
      ],
      "DefaultName": "QueueTriggerCSharp",
      "Description": "",
      "Identity": "Azure.Function.CSharp.QueueTrigger.2.x",
      "GeneratorId": "0c434df7-e2cb-4dee-b216-d7c58c8eb4b3",
      "GroupIdentity": "Azure.Function.QueueTrigger",
      "Precedence": 0,
      "Name": "QueueTrigger",
      "ShortName": "queue",
      "Tags": {
        "language": {
          "Description": null,
          "ChoicesAndDescriptions": {
            "C#": ""
          },
          "DefaultValue": "C#"
        },
        "type": {
          "Description": null,
          "ChoicesAndDescriptions": {
            "item": ""
          },
          "DefaultValue": "item"
        }
      },
      "CacheParameters": {
        "name": {
          "DataType": "string",
          "DefaultValue": null,
          "Description": "The default name symbol"
        },
        "namespace": {
          "DataType": null,
          "DefaultValue": null,
          "Description": "namespace for the generated code"
        },
        "Connection": {
          "DataType": null,
          "DefaultValue": "",
          "Description": "The name of the app setting containing your Storage connection."
        },
        "QueueName": {
          "DataType": null,
          "DefaultValue": "myqueue-items",
          "Description": "This is the path within your storage account that the trigger will monitor."
        }
      },
      "ConfigPlace": "/content/QueueTrigger-CSharp/.template.config/template.json",
      "LocaleConfigMountPointId": "00000000-0000-0000-0000-000000000000",
      "LocaleConfigPlace": null,
      "HostConfigMountPointId": "00000000-0000-0000-0000-000000000000",
      "HostConfigPlace": null,
      "ThirdPartyNotices": null,
      "BaselineInfo": {}
    },
    {
      "ConfigMountPointId": "7885b9cf-3012-49db-b435-8390567636ef",
      "Author": "Microsoft",
      "Classifications": [
        "Azure Function",
        "Trigger",
        "Http"
      ],
      "DefaultName": "HttpTriggerCSharp",
      "Description": "",
      "Identity": "Azure.Function.CSharp.HttpTrigger.2.x",
      "GeneratorId": "0c434df7-e2cb-4dee-b216-d7c58c8eb4b3",
      "GroupIdentity": "Azure.Function.HttpTrigger",
      "Precedence": 0,
      "Name": "HttpTrigger",
      "ShortName": "http",
      "Tags": {
        "language": {
          "Description": null,
          "ChoicesAndDescriptions": {
            "C#": ""
          },
          "DefaultValue": "C#"
        },
        "type": {
          "Description": null,
          "ChoicesAndDescriptions": {
            "item": ""
          },
          "DefaultValue": "item"
        },
        "AccessRights": {
          "Description": "Authorization level controls whether the function requires an API key and which key to use; Function uses a function key; Admin uses your master key. The function and master keys are found in the 'keys' management panel on the portal, when your function is selected.",
          "ChoicesAndDescriptions": {
            "Function": "Function",
            "Anonymous": "Anonymous",
            "Admin": "Admin"
          },
          "DefaultValue": "Function"
        }
      },
      "CacheParameters": {
        "name": {
          "DataType": "string",
          "DefaultValue": null,
          "Description": "The default name symbol"
        },
        "namespace": {
          "DataType": null,
          "DefaultValue": null,
          "Description": "namespace for the generated code"
        }
      },
      "ConfigPlace": "/content/HttpTrigger-CSharp/.template.config/template.json",
      "LocaleConfigMountPointId": "00000000-0000-0000-0000-000000000000",
      "LocaleConfigPlace": null,
      "HostConfigMountPointId": "00000000-0000-0000-0000-000000000000",
      "HostConfigPlace": null,
      "ThirdPartyNotices": null,
      "BaselineInfo": {}
    },
    {
      "ConfigMountPointId": "7885b9cf-3012-49db-b435-8390567636ef",
      "Author": "Microsoft",
      "Classifications": [
        "Azure Function",
        "Trigger",
        "Blob"
      ],
      "DefaultName": "BlobTriggerCSharp",
      "Description": "",
      "Identity": "Azure.Function.CSharp.BlobTrigger.2.x",
      "GeneratorId": "0c434df7-e2cb-4dee-b216-d7c58c8eb4b3",
      "GroupIdentity": "Azure.Function.BlobTrigger",
      "Precedence": 0,
      "Name": "BlobTrigger",
      "ShortName": "blob",
      "Tags": {
        "language": {
          "Description": null,
          "ChoicesAndDescriptions": {
            "C#": ""
          },
          "DefaultValue": "C#"
        },
        "type": {
          "Description": null,
          "ChoicesAndDescriptions": {
            "item": ""
          },
          "DefaultValue": "item"
        }
      },
      "CacheParameters": {
        "name": {
          "DataType": "string",
          "DefaultValue": null,
          "Description": "The default name symbol"
        },
        "namespace": {
          "DataType": null,
          "DefaultValue": null,
          "Description": "namespace for the generated code"
        },
        "Connection": {
          "DataType": null,
          "DefaultValue": "",
          "Description": "The name of the app setting containing your Storage connection."
        },
        "Path": {
          "DataType": null,
          "DefaultValue": "samples-workitems",
          "Description": "This is the path within your storage account that the trigger will monitor."
        }
      },
      "ConfigPlace": "/content/BlobTrigger-CSharp/.template.config/template.json",
      "LocaleConfigMountPointId": "00000000-0000-0000-0000-000000000000",
      "LocaleConfigPlace": null,
      "HostConfigMountPointId": "00000000-0000-0000-0000-000000000000",
      "HostConfigPlace": null,
      "ThirdPartyNotices": null,
      "BaselineInfo": {}
    },
    {
      "ConfigMountPointId": "7885b9cf-3012-49db-b435-8390567636ef",
      "Author": "Microsoft",
      "Classifications": [
        "Azure Function",
        "Trigger",
        "Timer"
      ],
      "DefaultName": "TimerTriggerCSharp",
      "Description": "",
      "Identity": "Azure.Function.CSharp.TimerTrigger.2.x",
      "GeneratorId": "0c434df7-e2cb-4dee-b216-d7c58c8eb4b3",
      "GroupIdentity": "Azure.Function.TimerTrigger",
      "Precedence": 0,
      "Name": "TimerTrigger",
      "ShortName": "timer",
      "Tags": {
        "language": {
          "Description": null,
          "ChoicesAndDescriptions": {
            "C#": ""
          },
          "DefaultValue": "C#"
        },
        "type": {
          "Description": null,
          "ChoicesAndDescriptions": {
            "item": ""
          },
          "DefaultValue": "item"
        }
      },
      "CacheParameters": {
        "name": {
          "DataType": "string",
          "DefaultValue": null,
          "Description": "The default name symbol"
        },
        "namespace": {
          "DataType": null,
          "DefaultValue": null,
          "Description": "namespace for the generated code"
        },
        "Schedule": {
          "DataType": null,
          "DefaultValue": "0 */5 * * * *",
          "Description": "Enter a cron expression of the format '{second} {minute} {hour} {day} {month} {day of week}' to specify the schedule."
        }
      },
      "ConfigPlace": "/content/TimerTrigger-CSharp/.template.config/template.json",
      "LocaleConfigMountPointId": "00000000-0000-0000-0000-000000000000",
      "LocaleConfigPlace": null,
      "HostConfigMountPointId": "00000000-0000-0000-0000-000000000000",
      "HostConfigPlace": null,
      "ThirdPartyNotices": null,
      "BaselineInfo": {}
    },
    {
      "ConfigMountPointId": "7885b9cf-3012-49db-b435-8390567636ef",
      "Author": "Microsoft",
      "Classifications": [
        "Azure Function",
        "Durable Functions Orchestration"
      ],
      "DefaultName": "DurableFunctionsOrchestrationCSharp",
      "Description": "",
      "Identity": "Azure.Function.CSharp.DurableFunctionsOrchestration.2.x",
      "GeneratorId": "0c434df7-e2cb-4dee-b216-d7c58c8eb4b3",
      "GroupIdentity": "Azure.Function.DurableFunctionsOrchestration",
      "Precedence": 0,
      "Name": "DurableFunctionsOrchestration",
      "ShortName": "durable",
      "Tags": {
        "language": {
          "Description": null,
          "ChoicesAndDescriptions": {
            "C#": ""
          },
          "DefaultValue": "C#"
        },
        "type": {
          "Description": null,
          "ChoicesAndDescriptions": {
            "item": ""
          },
          "DefaultValue": "item"
        }
      },
      "CacheParameters": {
        "name": {
          "DataType": "string",
          "DefaultValue": null,
          "Description": "The default name symbol"
        },
        "namespace": {
          "DataType": null,
          "DefaultValue": null,
          "Description": "namespace for the generated code"
        }
      },
      "ConfigPlace": "/content/DurableFunctionsOrchestration-CSharp/.template.config/template.json",
      "LocaleConfigMountPointId": "00000000-0000-0000-0000-000000000000",
      "LocaleConfigPlace": null,
      "HostConfigMountPointId": "00000000-0000-0000-0000-000000000000",
      "HostConfigPlace": null,
      "ThirdPartyNotices": null,
      "BaselineInfo": {}
    },
    {
      "ConfigMountPointId": "7885b9cf-3012-49db-b435-8390567636ef",
      "Author": "Microsoft",
      "Classifications": [
        "Azure Function",
        "Ouput",
        "SendGrid"
      ],
      "DefaultName": "SendGridCSharp",
      "Description": "",
      "Identity": "Azure.Function.CSharp.SendGrid.2.x",
      "GeneratorId": "0c434df7-e2cb-4dee-b216-d7c58c8eb4b3",
      "GroupIdentity": "Azure.Function.SendGrid",
      "Precedence": 0,
      "Name": "SendGrid",
      "ShortName": "sendgrid",
      "Tags": {
        "language": {
          "Description": null,
          "ChoicesAndDescriptions": {
            "C#": ""
          },
          "DefaultValue": "C#"
        },
        "type": {
          "Description": null,
          "ChoicesAndDescriptions": {
            "item": ""
          },
          "DefaultValue": "item"
        }
      },
      "CacheParameters": {
        "name": {
          "DataType": "string",
          "DefaultValue": null,
          "Description": "The default name symbol"
        },
        "namespace": {
          "DataType": null,
          "DefaultValue": null,
          "Description": "namespace for the generated code"
        },
        "Connection": {
          "DataType": null,
          "DefaultValue": "",
          "Description": "The name of the app setting containing your Storage connection."
        },
        "QueueName": {
          "DataType": null,
          "DefaultValue": "sampleMessages",
          "Description": "This is the path within your storage account that the trigger will monitor."
        },
        "ApiKey": {
          "DataType": null,
          "DefaultValue": "",
          "Description": "The name of the app setting containing your SendGrid developer API key."
        },
        "FromEmail": {
          "DataType": null,
          "DefaultValue": "SenderEmail@org.com",
          "Description": "The email address the message is sent from."
        }
      },
      "ConfigPlace": "/content/SendGrid-CSharp/.template.config/template.json",
      "LocaleConfigMountPointId": "00000000-0000-0000-0000-000000000000",
      "LocaleConfigPlace": null,
      "HostConfigMountPointId": "00000000-0000-0000-0000-000000000000",
      "HostConfigPlace": null,
      "ThirdPartyNotices": null,
      "BaselineInfo": {}
    },
    {
      "ConfigMountPointId": "7885b9cf-3012-49db-b435-8390567636ef",
      "Author": "Microsoft",
      "Classifications": [
        "Azure Function",
        "Trigger",
        "EventHub"
      ],
      "DefaultName": "EventHubTriggerCSharp",
      "Description": "",
      "Identity": "Azure.Function.CSharp.EventHubTrigger.2.x",
      "GeneratorId": "0c434df7-e2cb-4dee-b216-d7c58c8eb4b3",
      "GroupIdentity": "Azure.Function.EventHubTrigger",
      "Precedence": 0,
      "Name": "EventHubTrigger",
      "ShortName": "eventhub",
      "Tags": {
        "language": {
          "Description": null,
          "ChoicesAndDescriptions": {
            "C#": ""
          },
          "DefaultValue": "C#"
        },
        "type": {
          "Description": null,
          "ChoicesAndDescriptions": {
            "item": ""
          },
          "DefaultValue": "item"
        }
      },
      "CacheParameters": {
        "name": {
          "DataType": "string",
          "DefaultValue": null,
          "Description": "The default name symbol"
        },
        "namespace": {
          "DataType": null,
          "DefaultValue": null,
          "Description": "namespace for the generated code"
        },
        "Connection": {
          "DataType": null,
          "DefaultValue": "",
          "Description": "The name of the app setting containing your Event Hub connection string. The connection string must have Send permissions."
        },
        "EventHubName": {
          "DataType": null,
          "DefaultValue": "samples-workitems",
          "Description": "This is the name of the event hub to which the event will be sent."
        }
      },
      "ConfigPlace": "/content/EventHubTrigger-CSharp/.template.config/template.json",
      "LocaleConfigMountPointId": "00000000-0000-0000-0000-000000000000",
      "LocaleConfigPlace": null,
      "HostConfigMountPointId": "00000000-0000-0000-0000-000000000000",
      "HostConfigPlace": null,
      "ThirdPartyNotices": null,
      "BaselineInfo": {}
    },
    {
      "ConfigMountPointId": "7885b9cf-3012-49db-b435-8390567636ef",
      "Author": "Microsoft",
      "Classifications": [
        "Azure Function",
        "Trigger",
        "Service Bus",
        "Queue"
      ],
      "DefaultName": "ServiceBusQueueTriggerCSharp",
      "Description": "",
      "Identity": "Azure.Function.CSharp.ServiceBusQueueTrigger.2.x",
      "GeneratorId": "0c434df7-e2cb-4dee-b216-d7c58c8eb4b3",
      "GroupIdentity": "Azure.Function.ServiceBusQueueTrigger",
      "Precedence": 0,
      "Name": "ServiceBusQueueTrigger",
      "ShortName": "squeue",
      "Tags": {
        "language": {
          "Description": null,
          "ChoicesAndDescriptions": {
            "C#": ""
          },
          "DefaultValue": "C#"
        },
        "type": {
          "Description": null,
          "ChoicesAndDescriptions": {
            "item": ""
          },
          "DefaultValue": "item"
        }
      },
      "CacheParameters": {
        "name": {
          "DataType": "string",
          "DefaultValue": null,
          "Description": "The default name symbol"
        },
        "namespace": {
          "DataType": null,
          "DefaultValue": null,
          "Description": "namespace for the generated code"
        },
        "Connection": {
          "DataType": null,
          "DefaultValue": "",
          "Description": "The name of the app setting containing your Service Bus connection string. The connection string must have Send rights."
        },
        "QueueName": {
          "DataType": null,
          "DefaultValue": "myqueue",
          "Description": "The queue to which the message will be sent"
        }
      },
      "ConfigPlace": "/content/ServiceBusQueueTrigger-CSharp/.template.config/template.json",
      "LocaleConfigMountPointId": "00000000-0000-0000-0000-000000000000",
      "LocaleConfigPlace": null,
      "HostConfigMountPointId": "00000000-0000-0000-0000-000000000000",
      "HostConfigPlace": null,
      "ThirdPartyNotices": null,
      "BaselineInfo": {}
    },
    {
      "ConfigMountPointId": "7885b9cf-3012-49db-b435-8390567636ef",
      "Author": "Microsoft",
      "Classifications": [
        "Azure Function",
        "Trigger",
        "Service Bus",
        "Topic"
      ],
      "DefaultName": "ServiceBusTopicTriggerCSharp",
      "Description": "",
      "Identity": "Azure.Function.CSharp.ServiceBusTopicTrigger.2.x",
      "GeneratorId": "0c434df7-e2cb-4dee-b216-d7c58c8eb4b3",
      "GroupIdentity": "Azure.Function.ServiceBusTopicTrigger",
      "Precedence": 0,
      "Name": "ServiceBusTopicTrigger",
      "ShortName": "stopic",
      "Tags": {
        "language": {
          "Description": null,
          "ChoicesAndDescriptions": {
            "C#": ""
          },
          "DefaultValue": "C#"
        },
        "type": {
          "Description": null,
          "ChoicesAndDescriptions": {
            "item": ""
          },
          "DefaultValue": "item"
        }
      },
      "CacheParameters": {
        "name": {
          "DataType": "string",
          "DefaultValue": null,
          "Description": "The default name symbol"
        },
        "namespace": {
          "DataType": null,
          "DefaultValue": null,
          "Description": "namespace for the generated code"
        },
        "Connection": {
          "DataType": null,
          "DefaultValue": "",
          "Description": "The name of the app setting containing your Service Bus connection string. The connection string must have Send rights."
        },
        "TopicName": {
          "DataType": null,
          "DefaultValue": "mytopic",
          "Description": "Topic to which the message will be sent."
        },
        "SubscriptionName": {
          "DataType": null,
          "DefaultValue": "mysubscription",
          "Description": "Subscription name within the topic to bind to."
        }
      },
      "ConfigPlace": "/content/ServiceBusTopicTrigger-CSharp/.template.config/template.json",
      "LocaleConfigMountPointId": "00000000-0000-0000-0000-000000000000",
      "LocaleConfigPlace": null,
      "HostConfigMountPointId": "00000000-0000-0000-0000-000000000000",
      "HostConfigPlace": null,
      "ThirdPartyNotices": null,
      "BaselineInfo": {}
    },
    {
      "ConfigMountPointId": "7885b9cf-3012-49db-b435-8390567636ef",
      "Author": "Microsoft",
      "Classifications": [
        "Azure Function",
        "Trigger",
        "EventGrid"
      ],
      "DefaultName": "EventGridTriggerCSharp",
      "Description": "",
      "Identity": "Azure.Function.CSharp.EventGridTrigger.1.x",
      "GeneratorId": "0c434df7-e2cb-4dee-b216-d7c58c8eb4b3",
      "GroupIdentity": "Azure.Function.EventGridTrigger",
      "Precedence": 0,
      "Name": "EventGridTrigger",
      "ShortName": "eventgrid",
      "Tags": {
        "language": {
          "Description": null,
          "ChoicesAndDescriptions": {
            "C#": ""
          },
          "DefaultValue": "C#"
        },
        "type": {
          "Description": null,
          "ChoicesAndDescriptions": {
            "item": ""
          },
          "DefaultValue": "item"
        }
      },
      "CacheParameters": {
        "name": {
          "DataType": "string",
          "DefaultValue": null,
          "Description": "The default name symbol"
        },
        "namespace": {
          "DataType": null,
          "DefaultValue": null,
          "Description": "namespace for the generated code"
        }
      },
      "ConfigPlace": "/content/EventGridTrigger-CSharp/.template.config/template.json",
      "LocaleConfigMountPointId": "00000000-0000-0000-0000-000000000000",
      "LocaleConfigPlace": null,
      "HostConfigMountPointId": "00000000-0000-0000-0000-000000000000",
      "HostConfigPlace": null,
      "ThirdPartyNotices": null,
      "BaselineInfo": {}
    },
    {
      "ConfigMountPointId": "7885b9cf-3012-49db-b435-8390567636ef",
      "Author": "Microsoft",
      "Classifications": [
        "Azure Function",
        "Trigger",
        "IotHub"
      ],
      "DefaultName": "IotHubTriggerCSharp",
      "Description": "",
      "Identity": "Azure.Function.CSharp.IotHubTrigger.2.x",
      "GeneratorId": "0c434df7-e2cb-4dee-b216-d7c58c8eb4b3",
      "GroupIdentity": "Azure.Function.IotHubTrigger",
      "Precedence": 0,
      "Name": "IotHubTrigger",
      "ShortName": "iothub",
      "Tags": {
        "language": {
          "Description": null,
          "ChoicesAndDescriptions": {
            "C#": ""
          },
          "DefaultValue": "C#"
        },
        "type": {
          "Description": null,
          "ChoicesAndDescriptions": {
            "item": ""
          },
          "DefaultValue": "item"
        }
      },
      "CacheParameters": {
        "name": {
          "DataType": "string",
          "DefaultValue": null,
          "Description": "The default name symbol"
        },
        "namespace": {
          "DataType": null,
          "DefaultValue": null,
          "Description": "namespace for the generated code"
        },
        "Connection": {
          "DataType": null,
          "DefaultValue": "",
          "Description": "The name of the app setting containing your Iot Hub connection string. The connection string must have Send permissions. Should include the EntityPath"
        },
        "Path": {
          "DataType": null,
          "DefaultValue": "messages/events",
          "Description": "This is the name of the iot hub endpoint to which messages will be sent."
        }
      },
      "ConfigPlace": "/content/IotHubTrigger-CSharpVS/.template.config/template.json",
      "LocaleConfigMountPointId": "00000000-0000-0000-0000-000000000000",
      "LocaleConfigPlace": null,
      "HostConfigMountPointId": "00000000-0000-0000-0000-000000000000",
      "HostConfigPlace": null,
      "ThirdPartyNotices": null,
      "BaselineInfo": {}
    },
    {
      "ConfigMountPointId": "7885b9cf-3012-49db-b435-8390567636ef",
      "Author": "Microsoft",
      "Classifications": [
        "Azure Function",
        "Trigger",
        "Cosmos DB"
      ],
      "DefaultName": "CosmosDBTriggerCSharp",
      "Description": "",
      "Identity": "Azure.Function.CSharp.CosmosDBTrigger.2.x",
      "GeneratorId": "0c434df7-e2cb-4dee-b216-d7c58c8eb4b3",
      "GroupIdentity": "Azure.Function.CosmosDBTrigger",
      "Precedence": 0,
      "Name": "CosmosDBTrigger",
      "ShortName": "cosmos",
      "Tags": {
        "language": {
          "Description": null,
          "ChoicesAndDescriptions": {
            "C#": ""
          },
          "DefaultValue": "C#"
        },
        "type": {
          "Description": null,
          "ChoicesAndDescriptions": {
            "item": ""
          },
          "DefaultValue": "item"
        }
      },
      "CacheParameters": {
        "name": {
          "DataType": "string",
          "DefaultValue": null,
          "Description": "The default name symbol"
        },
        "namespace": {
          "DataType": null,
          "DefaultValue": null,
          "Description": "namespace for the generated code"
        },
        "ConnectionStringSetting": {
          "DataType": null,
          "DefaultValue": "",
          "Description": "The name of the App Setting containing the connection string to the service that contains the collection to be monitored."
        },
        "DatabaseName": {
          "DataType": null,
          "DefaultValue": "databaseName",
          "Description": "This is the name of the database that includes the collection to be monitored."
        },
        "CollectionName": {
          "DataType": null,
          "DefaultValue": "collectionName",
          "Description": "This is the name of the collection to be monitored."
        }
      },
      "ConfigPlace": "/content/CosmosDBTrigger-CSharp/.template.config/template.json",
      "LocaleConfigMountPointId": "00000000-0000-0000-0000-000000000000",
      "LocaleConfigPlace": null,
      "HostConfigMountPointId": "00000000-0000-0000-0000-000000000000",
      "HostConfigPlace": null,
      "ThirdPartyNotices": null,
      "BaselineInfo": {}
    },
    {
      "ConfigMountPointId": "7885b9cf-3012-49db-b435-8390567636ef",
      "Author": "Microsoft",
      "Classifications": [
        "Azure Function"
      ],
      "DefaultName": "HttpTriggerFSharp",
      "Description": "",
      "Identity": "Azure.Function.FSharp.HttpTrigger.2.x",
      "GeneratorId": "0c434df7-e2cb-4dee-b216-d7c58c8eb4b3",
      "GroupIdentity": "Azure.Function.HttpTrigger",
      "Precedence": 0,
      "Name": "HttpTrigger",
      "ShortName": "Http",
      "Tags": {
        "language": {
          "Description": null,
          "ChoicesAndDescriptions": {
            "F#": ""
          },
          "DefaultValue": "F#"
        },
        "type": {
          "Description": null,
          "ChoicesAndDescriptions": {
            "item": ""
          },
          "DefaultValue": "item"
        },
        "AccessRights": {
          "Description": "Authorization level controls whether the function requires an API key and which key to use; Function uses a function key; Admin uses your master key. The function and master keys are found in the 'keys' management panel on the portal, when your function is selected.",
          "ChoicesAndDescriptions": {
            "Function": "Function",
            "Anonymous": "Anonymous",
            "Admin": "Admin"
          },
          "DefaultValue": "Function"
        }
      },
      "CacheParameters": {
        "name": {
          "DataType": "string",
          "DefaultValue": null,
          "Description": "The default name symbol"
        },
        "namespace": {
          "DataType": null,
          "DefaultValue": null,
          "Description": "namespace for the generated code"
        }
      },
      "ConfigPlace": "/content/HttpTrigger-FSharp/.template.config/template.json",
      "LocaleConfigMountPointId": "00000000-0000-0000-0000-000000000000",
      "LocaleConfigPlace": null,
      "HostConfigMountPointId": "00000000-0000-0000-0000-000000000000",
      "HostConfigPlace": null,
      "ThirdPartyNotices": null,
      "BaselineInfo": {}
    },
    {
      "ConfigMountPointId": "7885b9cf-3012-49db-b435-8390567636ef",
      "Author": "Microsoft",
      "Classifications": [
        "Azure Function"
      ],
      "DefaultName": "BlobTriggerFSharp",
      "Description": "",
      "Identity": "Azure.Function.FSharp.BlobTrigger.2.x",
      "GeneratorId": "0c434df7-e2cb-4dee-b216-d7c58c8eb4b3",
      "GroupIdentity": "Azure.Function.BlobTrigger",
      "Precedence": 0,
      "Name": "BlobTrigger",
      "ShortName": "Blob",
      "Tags": {
        "language": {
          "Description": null,
          "ChoicesAndDescriptions": {
            "F#": ""
          },
          "DefaultValue": "F#"
        },
        "type": {
          "Description": null,
          "ChoicesAndDescriptions": {
            "item": ""
          },
          "DefaultValue": "item"
        }
      },
      "CacheParameters": {
        "name": {
          "DataType": "string",
          "DefaultValue": null,
          "Description": "The default name symbol"
        },
        "namespace": {
          "DataType": null,
          "DefaultValue": null,
          "Description": "namespace for the generated code"
        },
        "Connection": {
          "DataType": null,
          "DefaultValue": "",
          "Description": "The name of the app setting containing your Storage connection."
        },
        "Path": {
          "DataType": null,
          "DefaultValue": "samples-workitems",
          "Description": "This is the path within your storage account that the trigger will monitor."
        }
      },
      "ConfigPlace": "/content/BlobTrigger-FSharp/.template.config/template.json",
      "LocaleConfigMountPointId": "00000000-0000-0000-0000-000000000000",
      "LocaleConfigPlace": null,
      "HostConfigMountPointId": "00000000-0000-0000-0000-000000000000",
      "HostConfigPlace": null,
      "ThirdPartyNotices": null,
      "BaselineInfo": {}
    },
    {
      "ConfigMountPointId": "7885b9cf-3012-49db-b435-8390567636ef",
      "Author": "Microsoft",
      "Classifications": [
        "Azure Function"
      ],
      "DefaultName": "CosmosDBTriggerFSharp",
      "Description": "",
      "Identity": "Azure.Function.FSharp.CosmosDBTrigger.2.x",
      "GeneratorId": "0c434df7-e2cb-4dee-b216-d7c58c8eb4b3",
      "GroupIdentity": "Azure.Function.CosmosDBTrigger",
      "Precedence": 0,
      "Name": "CosmosDBTrigger",
      "ShortName": "CosmosDB",
      "Tags": {
        "language": {
          "Description": null,
          "ChoicesAndDescriptions": {
            "F#": ""
          },
          "DefaultValue": "F#"
        },
        "type": {
          "Description": null,
          "ChoicesAndDescriptions": {
            "item": ""
          },
          "DefaultValue": "item"
        }
      },
      "CacheParameters": {
        "name": {
          "DataType": "string",
          "DefaultValue": null,
          "Description": "The default name symbol"
        },
        "namespace": {
          "DataType": null,
          "DefaultValue": null,
          "Description": "namespace for the generated code"
        },
        "ConnectionStringSetting": {
          "DataType": null,
          "DefaultValue": "",
          "Description": "The name of the App Setting containing the connection string to the service that contains the collection to be monitored."
        },
        "DatabaseName": {
          "DataType": null,
          "DefaultValue": "databaseName",
          "Description": "This is the name of the database that includes the collection to be monitored."
        },
        "CollectionName": {
          "DataType": null,
          "DefaultValue": "collectionName",
          "Description": "This is the name of the collection to be monitored."
        }
      },
      "ConfigPlace": "/content/CosmosDBTrigger-FSharp/.template.config/template.json",
      "LocaleConfigMountPointId": "00000000-0000-0000-0000-000000000000",
      "LocaleConfigPlace": null,
      "HostConfigMountPointId": "00000000-0000-0000-0000-000000000000",
      "HostConfigPlace": null,
      "ThirdPartyNotices": null,
      "BaselineInfo": {}
    },
    {
      "ConfigMountPointId": "7885b9cf-3012-49db-b435-8390567636ef",
      "Author": "Microsoft",
      "Classifications": [
        "Azure Function",
        "Trigger",
        "EventHub"
      ],
      "DefaultName": "EventHubTriggerFSharp",
      "Description": "",
      "Identity": "Azure.Function.FSharp.EventHubTrigger.2.x",
      "GeneratorId": "0c434df7-e2cb-4dee-b216-d7c58c8eb4b3",
      "GroupIdentity": "Azure.Function.EventHubTrigger",
      "Precedence": 0,
      "Name": "EventHubTrigger",
      "ShortName": "eventhub",
      "Tags": {
        "language": {
          "Description": null,
          "ChoicesAndDescriptions": {
            "F#": ""
          },
          "DefaultValue": "F#"
        },
        "type": {
          "Description": null,
          "ChoicesAndDescriptions": {
            "item": ""
          },
          "DefaultValue": "item"
        }
      },
      "CacheParameters": {
        "name": {
          "DataType": "string",
          "DefaultValue": null,
          "Description": "The default name symbol"
        },
        "namespace": {
          "DataType": null,
          "DefaultValue": null,
          "Description": "namespace for the generated code"
        },
        "Connection": {
          "DataType": null,
          "DefaultValue": "",
          "Description": "The name of the app setting containing your Event Hub connection string. The connection string must have Send permissions."
        },
        "EventHubName": {
          "DataType": null,
          "DefaultValue": "samples-workitems",
          "Description": "This is the name of the event hub to which the event will be sent."
        }
      },
      "ConfigPlace": "/content/EventHubTrigger-FSharp/.template.config/template.json",
      "LocaleConfigMountPointId": "00000000-0000-0000-0000-000000000000",
      "LocaleConfigPlace": null,
      "HostConfigMountPointId": "00000000-0000-0000-0000-000000000000",
      "HostConfigPlace": null,
      "ThirdPartyNotices": null,
      "BaselineInfo": {}
    },
    {
      "ConfigMountPointId": "7885b9cf-3012-49db-b435-8390567636ef",
      "Author": "Microsoft",
      "Classifications": [
        "Azure Function"
      ],
      "DefaultName": "TimerTriggerFSharp",
      "Description": "",
      "Identity": "Azure.Function.FSharp.TimerTrigger.2.x",
      "GeneratorId": "0c434df7-e2cb-4dee-b216-d7c58c8eb4b3",
      "GroupIdentity": "Azure.Function.TimerTrigger",
      "Precedence": 0,
      "Name": "TimerTrigger",
      "ShortName": "Timer",
      "Tags": {
        "language": {
          "Description": null,
          "ChoicesAndDescriptions": {
            "F#": ""
          },
          "DefaultValue": "F#"
        },
        "type": {
          "Description": null,
          "ChoicesAndDescriptions": {
            "item": ""
          },
          "DefaultValue": "item"
        }
      },
      "CacheParameters": {
        "name": {
          "DataType": "string",
          "DefaultValue": null,
          "Description": "The default name symbol"
        },
        "namespace": {
          "DataType": null,
          "DefaultValue": null,
          "Description": "namespace for the generated code"
        },
        "Schedule": {
          "DataType": null,
          "DefaultValue": "0 */5 * * * *",
          "Description": "Enter a cron expression of the format '{second} {minute} {hour} {day} {month} {day of week}' to specify the schedule."
        }
      },
      "ConfigPlace": "/content/TimerTrigger-FSharp/.template.config/template.json",
      "LocaleConfigMountPointId": "00000000-0000-0000-0000-000000000000",
      "LocaleConfigPlace": null,
      "HostConfigMountPointId": "00000000-0000-0000-0000-000000000000",
      "HostConfigPlace": null,
      "ThirdPartyNotices": null,
      "BaselineInfo": {}
    },
    {
      "ConfigMountPointId": "6d7291ec-9925-4dd5-a30d-3a7c134a64a3",
      "Author": "Microsoft",
      "Classifications": [
        "Azure Functions",
        "Solution"
      ],
      "DefaultName": "Company.FunctionApp",
      "Description": "",
      "Identity": "Microsoft.AzureFunctions.ProjectTemplate.CSharp.2.x",
      "GeneratorId": "0c434df7-e2cb-4dee-b216-d7c58c8eb4b3",
      "GroupIdentity": "Microsoft.AzureFunctions.ProjectTemplates",
      "Precedence": 100,
      "Name": "Azure Functions",
      "ShortName": "func",
      "Tags": {
        "language": {
          "Description": null,
          "ChoicesAndDescriptions": {
            "C#": ""
          },
          "DefaultValue": "C#"
        },
        "type": {
          "Description": null,
          "ChoicesAndDescriptions": {
            "project": ""
          },
          "DefaultValue": "project"
        }
      },
      "CacheParameters": {
        "name": {
          "DataType": "string",
          "DefaultValue": null,
          "Description": "The default name symbol"
        },
        "StorageConnectionStringValue": {
          "DataType": "AzureStorage",
          "DefaultValue": "",
          "Description": "The connection string for your Azure WebJobs Storage."
        },
        "AzureFunctionsVersion": {
          "DataType": null,
          "DefaultValue": "",
          "Description": "The setting that determines the target release"
        }
      },
      "ConfigPlace": "/content/ProjectTemplate-CSharp/.template.config/template.json",
      "LocaleConfigMountPointId": "00000000-0000-0000-0000-000000000000",
      "LocaleConfigPlace": null,
      "HostConfigMountPointId": "6d7291ec-9925-4dd5-a30d-3a7c134a64a3",
      "HostConfigPlace": "/content/ProjectTemplate-CSharp/.template.config/dotnetcli.host.json",
      "ThirdPartyNotices": null,
      "BaselineInfo": {}
    },
    {
      "ConfigMountPointId": "6d7291ec-9925-4dd5-a30d-3a7c134a64a3",
      "Author": "Microsoft",
      "Classifications": [
        "Azure Functions",
        "Solution"
      ],
      "DefaultName": "Company.FunctionApp",
      "Description": "",
      "Identity": "Microsoft.AzureFunctions.ProjectTemplate.FSharp.2.x",
      "GeneratorId": "0c434df7-e2cb-4dee-b216-d7c58c8eb4b3",
      "GroupIdentity": "Microsoft.AzureFunctions.ProjectTemplates",
      "Precedence": 100,
      "Name": "AzureFunctions",
      "ShortName": "func",
      "Tags": {
        "language": {
          "Description": null,
          "ChoicesAndDescriptions": {
            "F#": ""
          },
          "DefaultValue": "F#"
        },
        "type": {
          "Description": null,
          "ChoicesAndDescriptions": {
            "project": ""
          },
          "DefaultValue": "project"
        }
      },
      "CacheParameters": {
        "name": {
          "DataType": "string",
          "DefaultValue": null,
          "Description": "The default name symbol"
        },
        "StorageConnectionStringValue": {
          "DataType": "AzureStorage",
          "DefaultValue": "",
          "Description": "The connection string for your Azure WebJobs Storage."
        }
      },
      "ConfigPlace": "/content/ProjectTemplate-FSharp/.template.config/template.json",
      "LocaleConfigMountPointId": "00000000-0000-0000-0000-000000000000",
      "LocaleConfigPlace": null,
      "HostConfigMountPointId": "6d7291ec-9925-4dd5-a30d-3a7c134a64a3",
      "HostConfigPlace": "/content/ProjectTemplate-FSharp/.template.config/dotnetcli.host.json",
      "ThirdPartyNotices": null,
      "BaselineInfo": {}
    },
    {
      "ConfigMountPointId": "1b1ebc56-2b16-4acb-a372-9cfda1e3f0cf",
      "Author": "Microsoft",
      "Classifications": [
        "Azure Function"
      ],
      "DefaultName": "BlobTriggerCSharp",
      "Description": "",
      "Identity": "Azure.Function.CSharp.BlobTrigger.1.x",
      "GeneratorId": "0c434df7-e2cb-4dee-b216-d7c58c8eb4b3",
      "GroupIdentity": "Azure.Function.BlobTrigger",
      "Precedence": 0,
      "Name": "BlobTrigger",
      "ShortName": "Blob",
      "Tags": {
        "language": {
          "Description": null,
          "ChoicesAndDescriptions": {
            "C#": ""
          },
          "DefaultValue": "C#"
        },
        "type": {
          "Description": null,
          "ChoicesAndDescriptions": {
            "item": ""
          },
          "DefaultValue": "item"
        }
      },
      "CacheParameters": {
        "name": {
          "DataType": "string",
          "DefaultValue": null,
          "Description": "The default name symbol"
        },
        "namespace": {
          "DataType": null,
          "DefaultValue": null,
          "Description": "namespace for the generated code"
        },
        "Connection": {
          "DataType": null,
          "DefaultValue": "",
          "Description": "The name of the app setting containing your Storage connection."
        },
        "Path": {
          "DataType": null,
          "DefaultValue": "samples-workitems",
          "Description": "This is the path within your storage account that the trigger will monitor."
        }
      },
      "ConfigPlace": "/content/BlobTrigger-CSharp/.template.config/template.json",
      "LocaleConfigMountPointId": "00000000-0000-0000-0000-000000000000",
      "LocaleConfigPlace": null,
      "HostConfigMountPointId": "00000000-0000-0000-0000-000000000000",
      "HostConfigPlace": null,
      "ThirdPartyNotices": null,
      "BaselineInfo": {}
    },
    {
      "ConfigMountPointId": "1b1ebc56-2b16-4acb-a372-9cfda1e3f0cf",
      "Author": "Microsoft",
      "Classifications": [
        "Azure Function"
      ],
      "DefaultName": "EventHubTriggerCSharp",
      "Description": "",
      "Identity": "Azure.Function.CSharp.EventHubTrigger.1.x",
      "GeneratorId": "0c434df7-e2cb-4dee-b216-d7c58c8eb4b3",
      "GroupIdentity": "Azure.Function.EventHubTrigger",
      "Precedence": 0,
      "Name": "EventHubTrigger",
      "ShortName": "EventHub",
      "Tags": {
        "language": {
          "Description": null,
          "ChoicesAndDescriptions": {
            "C#": ""
          },
          "DefaultValue": "C#"
        },
        "type": {
          "Description": null,
          "ChoicesAndDescriptions": {
            "item": ""
          },
          "DefaultValue": "item"
        }
      },
      "CacheParameters": {
        "name": {
          "DataType": "string",
          "DefaultValue": null,
          "Description": "The default name symbol"
        },
        "namespace": {
          "DataType": null,
          "DefaultValue": null,
          "Description": "namespace for the generated code"
        },
        "Connection": {
          "DataType": null,
          "DefaultValue": "",
          "Description": "The name of the app setting containing your Event Hub connection string. The connection string must have Send permissions."
        },
        "Path": {
          "DataType": null,
          "DefaultValue": "samples-workitems",
          "Description": "This is the name of the event hub to which the event will be sent."
        }
      },
      "ConfigPlace": "/content/EventHubTrigger-CSharp/.template.config/template.json",
      "LocaleConfigMountPointId": "00000000-0000-0000-0000-000000000000",
      "LocaleConfigPlace": null,
      "HostConfigMountPointId": "00000000-0000-0000-0000-000000000000",
      "HostConfigPlace": null,
      "ThirdPartyNotices": null,
      "BaselineInfo": {}
    },
    {
      "ConfigMountPointId": "1b1ebc56-2b16-4acb-a372-9cfda1e3f0cf",
      "Author": "Microsoft",
      "Classifications": [
        "Azure Function"
      ],
      "DefaultName": "FaceLocatorCSharp",
      "Description": "",
      "Identity": "Azure.Function.CSharp.FaceLocator.1.x",
      "GeneratorId": "0c434df7-e2cb-4dee-b216-d7c58c8eb4b3",
      "GroupIdentity": "Azure.Function.FaceLocator",
      "Precedence": 0,
      "Name": "FaceLocator",
      "ShortName": "FaceLocator",
      "Tags": {
        "language": {
          "Description": null,
          "ChoicesAndDescriptions": {
            "C#": ""
          },
          "DefaultValue": "C#"
        },
        "type": {
          "Description": null,
          "ChoicesAndDescriptions": {
            "item": ""
          },
          "DefaultValue": "item"
        }
      },
      "CacheParameters": {
        "name": {
          "DataType": "string",
          "DefaultValue": null,
          "Description": "The default name symbol"
        },
        "namespace": {
          "DataType": null,
          "DefaultValue": null,
          "Description": "namespace for the generated code"
        },
        "BlobConnection": {
          "DataType": null,
          "DefaultValue": "AzureWebJobsStorage",
          "Description": "The name of the app setting containing your Storage connection."
        },
        "BlobPath": {
          "DataType": null,
          "DefaultValue": "images/{name}.jpg",
          "Description": "This is the path within your storage account that the trigger will monitor."
        },
        "TableConnection": {
          "DataType": null,
          "DefaultValue": "AzureWebJobsStorage",
          "Description": "The name of the app setting containing your Storage connection."
        },
        "TableName": {
          "DataType": null,
          "DefaultValue": "faceRectangle",
          "Description": "Table name in storage account where data will be written."
        }
      },
      "ConfigPlace": "/content/FaceLocator-CSharp/.template.config/template.json",
      "LocaleConfigMountPointId": "00000000-0000-0000-0000-000000000000",
      "LocaleConfigPlace": null,
      "HostConfigMountPointId": "00000000-0000-0000-0000-000000000000",
      "HostConfigPlace": null,
      "ThirdPartyNotices": null,
      "BaselineInfo": {}
    },
    {
      "ConfigMountPointId": "1b1ebc56-2b16-4acb-a372-9cfda1e3f0cf",
      "Author": "Microsoft",
      "Classifications": [
        "Azure Function"
      ],
      "DefaultName": "GenericWebHookCSharp",
      "Description": "",
      "Identity": "Azure.Function.CSharp.GenericWebHook.1.x",
      "GeneratorId": "0c434df7-e2cb-4dee-b216-d7c58c8eb4b3",
      "GroupIdentity": "Azure.Function.GenericWebHook",
      "Precedence": 0,
      "Name": "GenericWebHook",
      "ShortName": "GenericWebHook",
      "Tags": {
        "language": {
          "Description": null,
          "ChoicesAndDescriptions": {
            "C#": ""
          },
          "DefaultValue": "C#"
        },
        "type": {
          "Description": null,
          "ChoicesAndDescriptions": {
            "item": ""
          },
          "DefaultValue": "item"
        }
      },
      "CacheParameters": {
        "name": {
          "DataType": "string",
          "DefaultValue": null,
          "Description": "The default name symbol"
        },
        "namespace": {
          "DataType": null,
          "DefaultValue": null,
          "Description": "namespace for the generated code"
        }
      },
      "ConfigPlace": "/content/GenericWebHook-CSharp/.template.config/template.json",
      "LocaleConfigMountPointId": "00000000-0000-0000-0000-000000000000",
      "LocaleConfigPlace": null,
      "HostConfigMountPointId": "00000000-0000-0000-0000-000000000000",
      "HostConfigPlace": null,
      "ThirdPartyNotices": null,
      "BaselineInfo": {}
    },
    {
      "ConfigMountPointId": "1b1ebc56-2b16-4acb-a372-9cfda1e3f0cf",
      "Author": "Microsoft",
      "Classifications": [
        "Azure Function"
      ],
      "DefaultName": "GitHubCommenterCSharp",
      "Description": "",
      "Identity": "Azure.Function.CSharp.GitHubCommenter.1.x",
      "GeneratorId": "0c434df7-e2cb-4dee-b216-d7c58c8eb4b3",
      "GroupIdentity": "Azure.Function.GitHubCommenter",
      "Precedence": 0,
      "Name": "GitHubCommenter",
      "ShortName": "GitHubComment",
      "Tags": {
        "language": {
          "Description": null,
          "ChoicesAndDescriptions": {
            "C#": ""
          },
          "DefaultValue": "C#"
        },
        "type": {
          "Description": null,
          "ChoicesAndDescriptions": {
            "item": ""
          },
          "DefaultValue": "item"
        }
      },
      "CacheParameters": {
        "name": {
          "DataType": "string",
          "DefaultValue": null,
          "Description": "The default name symbol"
        },
        "namespace": {
          "DataType": null,
          "DefaultValue": null,
          "Description": "namespace for the generated code"
        }
      },
      "ConfigPlace": "/content/GitHubCommenter-CSharp/.template.config/template.json",
      "LocaleConfigMountPointId": "00000000-0000-0000-0000-000000000000",
      "LocaleConfigPlace": null,
      "HostConfigMountPointId": "00000000-0000-0000-0000-000000000000",
      "HostConfigPlace": null,
      "ThirdPartyNotices": null,
      "BaselineInfo": {}
    },
    {
      "ConfigMountPointId": "1b1ebc56-2b16-4acb-a372-9cfda1e3f0cf",
      "Author": "Microsoft",
      "Classifications": [
        "Azure Function"
      ],
      "DefaultName": "GitHubWebHookCSharp",
      "Description": "",
      "Identity": "Azure.Function.CSharp.GitHubWebHook.1.x",
      "GeneratorId": "0c434df7-e2cb-4dee-b216-d7c58c8eb4b3",
      "GroupIdentity": "Azure.Function.GitHubWebHook",
      "Precedence": 0,
      "Name": "GitHubWebHook",
      "ShortName": "GitHubWebHook",
      "Tags": {
        "language": {
          "Description": null,
          "ChoicesAndDescriptions": {
            "C#": ""
          },
          "DefaultValue": "C#"
        },
        "type": {
          "Description": null,
          "ChoicesAndDescriptions": {
            "item": ""
          },
          "DefaultValue": "item"
        }
      },
      "CacheParameters": {
        "name": {
          "DataType": "string",
          "DefaultValue": null,
          "Description": "The default name symbol"
        },
        "namespace": {
          "DataType": null,
          "DefaultValue": null,
          "Description": "namespace for the generated code"
        }
      },
      "ConfigPlace": "/content/GitHubWebHook-CSharp/.template.config/template.json",
      "LocaleConfigMountPointId": "00000000-0000-0000-0000-000000000000",
      "LocaleConfigPlace": null,
      "HostConfigMountPointId": "00000000-0000-0000-0000-000000000000",
      "HostConfigPlace": null,
      "ThirdPartyNotices": null,
      "BaselineInfo": {}
    },
    {
      "ConfigMountPointId": "1b1ebc56-2b16-4acb-a372-9cfda1e3f0cf",
      "Author": "Microsoft",
      "Classifications": [
        "Azure Function"
      ],
      "DefaultName": "HttpGetCRUDCSharp",
      "Description": "",
      "Identity": "Azure.Function.CSharp.HttpGetCRUD.1.x",
      "GeneratorId": "0c434df7-e2cb-4dee-b216-d7c58c8eb4b3",
      "GroupIdentity": "Azure.Function.HttpGetCRUD",
      "Precedence": 0,
      "Name": "HttpGETCRUD",
      "ShortName": "HttpGetCRUD",
      "Tags": {
        "language": {
          "Description": null,
          "ChoicesAndDescriptions": {
            "C#": ""
          },
          "DefaultValue": "C#"
        },
        "type": {
          "Description": null,
          "ChoicesAndDescriptions": {
            "item": ""
          },
          "DefaultValue": "item"
        },
        "AccessRights": {
          "Description": "Authorization level controls whether the function requires an API key and which key to use; Function uses a function key; Admin uses your master key. The function and master keys are found in the 'keys' management panel on the portal, when your function is selected.",
          "ChoicesAndDescriptions": {
            "Function": "Function",
            "Anonymous": "Anonymous",
            "Admin": "Admin"
          },
          "DefaultValue": "Function"
        }
      },
      "CacheParameters": {
        "name": {
          "DataType": "string",
          "DefaultValue": null,
          "Description": "The default name symbol"
        },
        "namespace": {
          "DataType": null,
          "DefaultValue": null,
          "Description": "namespace for the generated code"
        },
        "Connection": {
          "DataType": null,
          "DefaultValue": "",
          "Description": "The name of the app setting containing your Storage connection."
        },
        "TableName": {
          "DataType": null,
          "DefaultValue": "person",
          "Description": "Table name in storage account where data will be written."
        }
      },
      "ConfigPlace": "/content/HttpGET(CRUD)-CSharp/.template.config/template.json",
      "LocaleConfigMountPointId": "00000000-0000-0000-0000-000000000000",
      "LocaleConfigPlace": null,
      "HostConfigMountPointId": "00000000-0000-0000-0000-000000000000",
      "HostConfigPlace": null,
      "ThirdPartyNotices": null,
      "BaselineInfo": {}
    },
    {
      "ConfigMountPointId": "1b1ebc56-2b16-4acb-a372-9cfda1e3f0cf",
      "Author": "Microsoft",
      "Classifications": [
        "Azure Function"
      ],
      "DefaultName": "HttpPostCRUDCSharp",
      "Description": "",
      "Identity": "Azure.Function.CSharp.HttpPostCRUD.1.x",
      "GeneratorId": "0c434df7-e2cb-4dee-b216-d7c58c8eb4b3",
      "GroupIdentity": "Azure.Function.HttpPostCRUD",
      "Precedence": 0,
      "Name": "HttpPOSTCRUD",
      "ShortName": "HttpPostCRUD",
      "Tags": {
        "language": {
          "Description": null,
          "ChoicesAndDescriptions": {
            "C#": ""
          },
          "DefaultValue": "C#"
        },
        "type": {
          "Description": null,
          "ChoicesAndDescriptions": {
            "item": ""
          },
          "DefaultValue": "item"
        },
        "AccessRights": {
          "Description": "Authorization level controls whether the function requires an API key and which key to use; Function uses a function key; Admin uses your master key. The function and master keys are found in the 'keys' management panel on the portal, when your function is selected.",
          "ChoicesAndDescriptions": {
            "Function": "Function",
            "Anonymous": "Anonymous",
            "Admin": "Admin"
          },
          "DefaultValue": "Function"
        }
      },
      "CacheParameters": {
        "name": {
          "DataType": "string",
          "DefaultValue": null,
          "Description": "The default name symbol"
        },
        "namespace": {
          "DataType": null,
          "DefaultValue": null,
          "Description": "namespace for the generated code"
        },
        "Connection": {
          "DataType": null,
          "DefaultValue": "",
          "Description": "The name of the app setting containing your Storage connection."
        },
        "TableName": {
          "DataType": null,
          "DefaultValue": "person",
          "Description": "Table name in storage account where data will be written."
        }
      },
      "ConfigPlace": "/content/HttpPOST(CRUD)-CSharp/.template.config/template.json",
      "LocaleConfigMountPointId": "00000000-0000-0000-0000-000000000000",
      "LocaleConfigPlace": null,
      "HostConfigMountPointId": "00000000-0000-0000-0000-000000000000",
      "HostConfigPlace": null,
      "ThirdPartyNotices": null,
      "BaselineInfo": {}
    },
    {
      "ConfigMountPointId": "1b1ebc56-2b16-4acb-a372-9cfda1e3f0cf",
      "Author": "Microsoft",
      "Classifications": [
        "Azure Function"
      ],
      "DefaultName": "HttpPutCRUDCSharp",
      "Description": "",
      "Identity": "Azure.Function.CSharp.HttpPutCRUD.1.x",
      "GeneratorId": "0c434df7-e2cb-4dee-b216-d7c58c8eb4b3",
      "GroupIdentity": "Azure.Function.HttpPutCRUD",
      "Precedence": 0,
      "Name": "HttpPUTCRUD",
      "ShortName": "HttpPutCRUD",
      "Tags": {
        "language": {
          "Description": null,
          "ChoicesAndDescriptions": {
            "C#": ""
          },
          "DefaultValue": "C#"
        },
        "type": {
          "Description": null,
          "ChoicesAndDescriptions": {
            "item": ""
          },
          "DefaultValue": "item"
        },
        "AccessRights": {
          "Description": "Authorization level controls whether the function requires an API key and which key to use; Function uses a function key; Admin uses your master key. The function and master keys are found in the 'keys' management panel on the portal, when your function is selected.",
          "ChoicesAndDescriptions": {
            "Function": "Function",
            "Anonymous": "Anonymous",
            "Admin": "Admin"
          },
          "DefaultValue": "Function"
        }
      },
      "CacheParameters": {
        "name": {
          "DataType": "string",
          "DefaultValue": null,
          "Description": "The default name symbol"
        },
        "namespace": {
          "DataType": null,
          "DefaultValue": null,
          "Description": "namespace for the generated code"
        },
        "Connection": {
          "DataType": null,
          "DefaultValue": "",
          "Description": "The name of the app setting containing your Storage connection."
        },
        "TableName": {
          "DataType": null,
          "DefaultValue": "person",
          "Description": "Table name in storage account where data will be written."
        }
      },
      "ConfigPlace": "/content/HttpPUT(CRUD)-CSharp/.template.config/template.json",
      "LocaleConfigMountPointId": "00000000-0000-0000-0000-000000000000",
      "LocaleConfigPlace": null,
      "HostConfigMountPointId": "00000000-0000-0000-0000-000000000000",
      "HostConfigPlace": null,
      "ThirdPartyNotices": null,
      "BaselineInfo": {}
    },
    {
      "ConfigMountPointId": "1b1ebc56-2b16-4acb-a372-9cfda1e3f0cf",
      "Author": "Microsoft",
      "Classifications": [
        "Azure Function"
      ],
      "DefaultName": "HttpTriggerCSharp",
      "Description": "",
      "Identity": "Azure.Function.CSharp.HttpTrigger.1.x",
      "GeneratorId": "0c434df7-e2cb-4dee-b216-d7c58c8eb4b3",
      "GroupIdentity": "Azure.Function.HttpTrigger",
      "Precedence": 0,
      "Name": "HttpTrigger",
      "ShortName": "Http",
      "Tags": {
        "language": {
          "Description": null,
          "ChoicesAndDescriptions": {
            "C#": ""
          },
          "DefaultValue": "C#"
        },
        "type": {
          "Description": null,
          "ChoicesAndDescriptions": {
            "item": ""
          },
          "DefaultValue": "item"
        },
        "AccessRights": {
          "Description": "Authorization level controls whether the function requires an API key and which key to use; Function uses a function key; Admin uses your master key. The function and master keys are found in the 'keys' management panel on the portal, when your function is selected.",
          "ChoicesAndDescriptions": {
            "Function": "Function",
            "Anonymous": "Anonymous",
            "Admin": "Admin"
          },
          "DefaultValue": "Function"
        }
      },
      "CacheParameters": {
        "name": {
          "DataType": "string",
          "DefaultValue": null,
          "Description": "The default name symbol"
        },
        "namespace": {
          "DataType": null,
          "DefaultValue": null,
          "Description": "namespace for the generated code"
        }
      },
      "ConfigPlace": "/content/HttpTrigger-CSharp/.template.config/template.json",
      "LocaleConfigMountPointId": "00000000-0000-0000-0000-000000000000",
      "LocaleConfigPlace": null,
      "HostConfigMountPointId": "00000000-0000-0000-0000-000000000000",
      "HostConfigPlace": null,
      "ThirdPartyNotices": null,
      "BaselineInfo": {}
    },
    {
      "ConfigMountPointId": "1b1ebc56-2b16-4acb-a372-9cfda1e3f0cf",
      "Author": "Microsoft",
      "Classifications": [
        "Azure Function"
      ],
      "DefaultName": "HttpTriggerWithParametersCSharp",
      "Description": "",
      "Identity": "Azure.Function.CSharp.HttpTriggerWithParameters.1.x",
      "GeneratorId": "0c434df7-e2cb-4dee-b216-d7c58c8eb4b3",
      "GroupIdentity": "Azure.Function.HttpTriggerWithParameters",
      "Precedence": 0,
      "Name": "HttpTriggerWithParameters",
      "ShortName": "HttpParam",
      "Tags": {
        "language": {
          "Description": null,
          "ChoicesAndDescriptions": {
            "C#": ""
          },
          "DefaultValue": "C#"
        },
        "type": {
          "Description": null,
          "ChoicesAndDescriptions": {
            "item": ""
          },
          "DefaultValue": "item"
        },
        "AccessRights": {
          "Description": "Authorization level controls whether the function requires an API key and which key to use; Function uses a function key; Admin uses your master key. The function and master keys are found in the 'keys' management panel on the portal, when your function is selected.",
          "ChoicesAndDescriptions": {
            "Function": "Function",
            "Anonymous": "Anonymous",
            "Admin": "Admin"
          },
          "DefaultValue": "Function"
        }
      },
      "CacheParameters": {
        "name": {
          "DataType": "string",
          "DefaultValue": null,
          "Description": "The default name symbol"
        },
        "namespace": {
          "DataType": null,
          "DefaultValue": null,
          "Description": "namespace for the generated code"
        }
      },
      "ConfigPlace": "/content/HttpTriggerWithParameters-CSharp/.template.config/template.json",
      "LocaleConfigMountPointId": "00000000-0000-0000-0000-000000000000",
      "LocaleConfigPlace": null,
      "HostConfigMountPointId": "00000000-0000-0000-0000-000000000000",
      "HostConfigPlace": null,
      "ThirdPartyNotices": null,
      "BaselineInfo": {}
    },
    {
      "ConfigMountPointId": "1b1ebc56-2b16-4acb-a372-9cfda1e3f0cf",
      "Author": "Microsoft",
      "Classifications": [
        "Azure Function"
      ],
      "DefaultName": "QueueTriggerCSharp",
      "Description": "",
      "Identity": "Azure.Function.CSharp.QueueTrigger.1.x",
      "GeneratorId": "0c434df7-e2cb-4dee-b216-d7c58c8eb4b3",
      "GroupIdentity": "Azure.Function.QueueTrigger",
      "Precedence": 0,
      "Name": "QueueTrigger",
      "ShortName": "Queue",
      "Tags": {
        "language": {
          "Description": null,
          "ChoicesAndDescriptions": {
            "C#": ""
          },
          "DefaultValue": "C#"
        },
        "type": {
          "Description": null,
          "ChoicesAndDescriptions": {
            "item": ""
          },
          "DefaultValue": "item"
        }
      },
      "CacheParameters": {
        "name": {
          "DataType": "string",
          "DefaultValue": null,
          "Description": "The default name symbol"
        },
        "namespace": {
          "DataType": null,
          "DefaultValue": null,
          "Description": "namespace for the generated code"
        },
        "Connection": {
          "DataType": null,
          "DefaultValue": "",
          "Description": "The name of the app setting containing your Storage connection."
        },
        "Path": {
          "DataType": null,
          "DefaultValue": "myqueue-items",
          "Description": "This is the path within your storage account that the trigger will monitor."
        }
      },
      "ConfigPlace": "/content/QueueTrigger-CSharp/.template.config/template.json",
      "LocaleConfigMountPointId": "00000000-0000-0000-0000-000000000000",
      "LocaleConfigPlace": null,
      "HostConfigMountPointId": "00000000-0000-0000-0000-000000000000",
      "HostConfigPlace": null,
      "ThirdPartyNotices": null,
      "BaselineInfo": {}
    },
    {
      "ConfigMountPointId": "1b1ebc56-2b16-4acb-a372-9cfda1e3f0cf",
      "Author": "Microsoft",
      "Classifications": [
        "Azure Function"
      ],
      "DefaultName": "SasTokenCSharp",
      "Description": "",
      "Identity": "Azure.Function.CSharp.SasToken.1.x",
      "GeneratorId": "0c434df7-e2cb-4dee-b216-d7c58c8eb4b3",
      "GroupIdentity": "Azure.Function.SasToken",
      "Precedence": 0,
      "Name": "SASToken",
      "ShortName": "SasToken",
      "Tags": {
        "language": {
          "Description": null,
          "ChoicesAndDescriptions": {
            "C#": ""
          },
          "DefaultValue": "C#"
        },
        "type": {
          "Description": null,
          "ChoicesAndDescriptions": {
            "item": ""
          },
          "DefaultValue": "item"
        },
        "AccessRights": {
          "Description": "Authorization level controls whether the function requires an API key and which key to use; Function uses a function key; Admin uses your master key. The function and master keys are found in the 'keys' management panel on the portal, when your function is selected.",
          "ChoicesAndDescriptions": {
            "Function": "Function",
            "Anonymous": "Anonymous",
            "Admin": "Admin"
          },
          "DefaultValue": "Function"
        }
      },
      "CacheParameters": {
        "name": {
          "DataType": "string",
          "DefaultValue": null,
          "Description": "The default name symbol"
        },
        "namespace": {
          "DataType": null,
          "DefaultValue": null,
          "Description": "namespace for the generated code"
        },
        "Connection": {
          "DataType": null,
          "DefaultValue": "",
          "Description": "The name of the app setting containing your Storage connection."
        },
        "Path": {
          "DataType": null,
          "DefaultValue": "{ContainerName}",
          "Description": "This is the path within your storage account that the trigger will monitor."
        }
      },
      "ConfigPlace": "/content/SasToken-CSharp/.template.config/template.json",
      "LocaleConfigMountPointId": "00000000-0000-0000-0000-000000000000",
      "LocaleConfigPlace": null,
      "HostConfigMountPointId": "00000000-0000-0000-0000-000000000000",
      "HostConfigPlace": null,
      "ThirdPartyNotices": null,
      "BaselineInfo": {}
    },
    {
      "ConfigMountPointId": "1b1ebc56-2b16-4acb-a372-9cfda1e3f0cf",
      "Author": "Microsoft",
      "Classifications": [
        "Azure Function"
      ],
      "DefaultName": "ServiceBusQueueTriggerCSharp",
      "Description": "",
      "Identity": "Azure.Function.CSharp.ServiceBusQueueTrigger.1.x",
      "GeneratorId": "0c434df7-e2cb-4dee-b216-d7c58c8eb4b3",
      "GroupIdentity": "Azure.Function.ServiceBusQueueTrigger",
      "Precedence": 0,
      "Name": "ServiceBusQueueTrigger",
      "ShortName": "SBQueue",
      "Tags": {
        "language": {
          "Description": null,
          "ChoicesAndDescriptions": {
            "C#": ""
          },
          "DefaultValue": "C#"
        },
        "type": {
          "Description": null,
          "ChoicesAndDescriptions": {
            "item": ""
          },
          "DefaultValue": "item"
        },
        "AccessRights": {
          "Description": "The access rights of the Service Bus connection string. Set to Send if you're using a connection string that doesn't have Manage permissions.",
          "ChoicesAndDescriptions": {
            "Manage": "Manage",
            "Listen": "Listen"
          },
          "DefaultValue": "Manage"
        }
      },
      "CacheParameters": {
        "name": {
          "DataType": "string",
          "DefaultValue": null,
          "Description": "The default name symbol"
        },
        "namespace": {
          "DataType": null,
          "DefaultValue": null,
          "Description": "namespace for the generated code"
        },
        "Connection": {
          "DataType": null,
          "DefaultValue": "",
          "Description": "The name of the app setting containing your Service Bus connection string. The connection string must have Send rights."
        },
        "QueueName": {
          "DataType": null,
          "DefaultValue": "myqueue",
          "Description": "The queue to which the message will be sent"
        }
      },
      "ConfigPlace": "/content/ServiceBusQueueTrigger-CSharp/.template.config/template.json",
      "LocaleConfigMountPointId": "00000000-0000-0000-0000-000000000000",
      "LocaleConfigPlace": null,
      "HostConfigMountPointId": "00000000-0000-0000-0000-000000000000",
      "HostConfigPlace": null,
      "ThirdPartyNotices": null,
      "BaselineInfo": {}
    },
    {
      "ConfigMountPointId": "1b1ebc56-2b16-4acb-a372-9cfda1e3f0cf",
      "Author": "Microsoft",
      "Classifications": [
        "Azure Function"
      ],
      "DefaultName": "ServiceBusTopicTriggerCSharp",
      "Description": "",
      "Identity": "Azure.Function.CSharp.ServiceBusTopicTrigger.1.x",
      "GeneratorId": "0c434df7-e2cb-4dee-b216-d7c58c8eb4b3",
      "GroupIdentity": "Azure.Function.ServiceBusTopicTrigger",
      "Precedence": 0,
      "Name": "ServiceBusTopicTrigger",
      "ShortName": "SBTopic",
      "Tags": {
        "language": {
          "Description": null,
          "ChoicesAndDescriptions": {
            "C#": ""
          },
          "DefaultValue": "C#"
        },
        "type": {
          "Description": null,
          "ChoicesAndDescriptions": {
            "item": ""
          },
          "DefaultValue": "item"
        },
        "AccessRights": {
          "Description": "The access rights of the Service Bus connection string. Set to Send if you're using a connection string that doesn't have Manage permissions.",
          "ChoicesAndDescriptions": {
            "Manage": "Manage",
            "Listen": "Listen"
          },
          "DefaultValue": "Manage"
        }
      },
      "CacheParameters": {
        "name": {
          "DataType": "string",
          "DefaultValue": null,
          "Description": "The default name symbol"
        },
        "namespace": {
          "DataType": null,
          "DefaultValue": null,
          "Description": "namespace for the generated code"
        },
        "Connection": {
          "DataType": null,
          "DefaultValue": "",
          "Description": "The name of the app setting containing your Service Bus connection string. The connection string must have Send rights."
        },
        "TopicName": {
          "DataType": null,
          "DefaultValue": "mytopic",
          "Description": "Topic to which the message will be sent."
        },
        "SubscriptionName": {
          "DataType": null,
          "DefaultValue": "mysubscription",
          "Description": "Subscription name within the topic to bind to."
        }
      },
      "ConfigPlace": "/content/ServiceBusTopicTrigger-CSharp/.template.config/template.json",
      "LocaleConfigMountPointId": "00000000-0000-0000-0000-000000000000",
      "LocaleConfigPlace": null,
      "HostConfigMountPointId": "00000000-0000-0000-0000-000000000000",
      "HostConfigPlace": null,
      "ThirdPartyNotices": null,
      "BaselineInfo": {}
    },
    {
      "ConfigMountPointId": "1b1ebc56-2b16-4acb-a372-9cfda1e3f0cf",
      "Author": "Microsoft",
      "Classifications": [
        "Azure Function"
      ],
      "DefaultName": "TimerTriggerCSharp",
      "Description": "",
      "Identity": "Azure.Function.CSharp.TimerTrigger.1.x",
      "GeneratorId": "0c434df7-e2cb-4dee-b216-d7c58c8eb4b3",
      "GroupIdentity": "Azure.Function.TimerTrigger",
      "Precedence": 0,
      "Name": "TimerTrigger",
      "ShortName": "Timer",
      "Tags": {
        "language": {
          "Description": null,
          "ChoicesAndDescriptions": {
            "C#": ""
          },
          "DefaultValue": "C#"
        },
        "type": {
          "Description": null,
          "ChoicesAndDescriptions": {
            "item": ""
          },
          "DefaultValue": "item"
        }
      },
      "CacheParameters": {
        "name": {
          "DataType": "string",
          "DefaultValue": null,
          "Description": "The default name symbol"
        },
        "namespace": {
          "DataType": null,
          "DefaultValue": null,
          "Description": "namespace for the generated code"
        },
        "Schedule": {
          "DataType": null,
          "DefaultValue": "0 */5 * * * *",
          "Description": "Enter a cron expression of the format '{second} {minute} {hour} {day} {month} {day of week}' to specify the schedule."
        }
      },
      "ConfigPlace": "/content/TimerTrigger-CSharp/.template.config/template.json",
      "LocaleConfigMountPointId": "00000000-0000-0000-0000-000000000000",
      "LocaleConfigPlace": null,
      "HostConfigMountPointId": "00000000-0000-0000-0000-000000000000",
      "HostConfigPlace": null,
      "ThirdPartyNotices": null,
      "BaselineInfo": {}
    },
    {
      "ConfigMountPointId": "1b1ebc56-2b16-4acb-a372-9cfda1e3f0cf",
      "Author": "Microsoft",
      "Classifications": [
        "Azure Function"
      ],
      "DefaultName": "ImageResizerCSharp",
      "Description": "",
      "Identity": "Azure.Function.CSharp.ImageResizer.1.x",
      "GeneratorId": "0c434df7-e2cb-4dee-b216-d7c58c8eb4b3",
      "GroupIdentity": "Azure.Function.ImageResizer",
      "Precedence": 0,
      "Name": "ImageResizer",
      "ShortName": "ImageResizer",
      "Tags": {
        "language": {
          "Description": null,
          "ChoicesAndDescriptions": {
            "C#": ""
          },
          "DefaultValue": "C#"
        },
        "type": {
          "Description": null,
          "ChoicesAndDescriptions": {
            "item": ""
          },
          "DefaultValue": "item"
        }
      },
      "CacheParameters": {
        "name": {
          "DataType": "string",
          "DefaultValue": null,
          "Description": "The default name symbol"
        },
        "namespace": {
          "DataType": null,
          "DefaultValue": null,
          "Description": "namespace for the generated code"
        },
        "ImageBlobConnection": {
          "DataType": null,
          "DefaultValue": "",
          "Description": "The name of the app setting containing your Storage connection."
        },
        "ImageBlobPath": {
          "DataType": null,
          "DefaultValue": "sample-images/{name}",
          "Description": "This is the path within your storage account that the trigger will monitor."
        },
        "SmallImageBlobConnection": {
          "DataType": null,
          "DefaultValue": "",
          "Description": "The name of the app setting containing your Storage connection."
        },
        "SmallImageBlobPath": {
          "DataType": null,
          "DefaultValue": "sample-images-sm/{name}",
          "Description": "This is the path within your storage account that the trigger will monitor."
        },
        "MedImageBlobConnection": {
          "DataType": null,
          "DefaultValue": "",
          "Description": "The name of the app setting containing your Storage connection."
        },
        "MedImageBlobPath": {
          "DataType": null,
          "DefaultValue": "sample-images-md/{name}",
          "Description": "This is the path within your storage account that the trigger will monitor."
        }
      },
      "ConfigPlace": "/content/ImageResizer-CSharp/.template.config/template.json",
      "LocaleConfigMountPointId": "00000000-0000-0000-0000-000000000000",
      "LocaleConfigPlace": null,
      "HostConfigMountPointId": "00000000-0000-0000-0000-000000000000",
      "HostConfigPlace": null,
      "ThirdPartyNotices": null,
      "BaselineInfo": {}
    },
    {
      "ConfigMountPointId": "1b1ebc56-2b16-4acb-a372-9cfda1e3f0cf",
      "Author": "Microsoft",
      "Classifications": [
        "Azure Function"
      ],
      "DefaultName": "CosmosDBTriggerCSharp",
      "Description": "",
      "Identity": "Azure.Function.CSharp.CosmosDBTrigger.1.x",
      "GeneratorId": "0c434df7-e2cb-4dee-b216-d7c58c8eb4b3",
      "GroupIdentity": "Azure.Function.CosmosDBTrigger",
      "Precedence": 0,
      "Name": "CosmosDBTrigger",
      "ShortName": "CosmosDB",
      "Tags": {
        "language": {
          "Description": null,
          "ChoicesAndDescriptions": {
            "C#": ""
          },
          "DefaultValue": "C#"
        },
        "type": {
          "Description": null,
          "ChoicesAndDescriptions": {
            "item": ""
          },
          "DefaultValue": "item"
        }
      },
      "CacheParameters": {
        "name": {
          "DataType": "string",
          "DefaultValue": null,
          "Description": "The default name symbol"
        },
        "namespace": {
          "DataType": null,
          "DefaultValue": null,
          "Description": "namespace for the generated code"
        },
        "ConnectionStringSetting": {
          "DataType": null,
          "DefaultValue": "",
          "Description": "The name of the App Setting containing the connection string to the service that contains the collection to be monitored."
        },
        "DatabaseName": {
          "DataType": null,
          "DefaultValue": "databaseName",
          "Description": "This is the name of the database that includes the collection to be monitored."
        },
        "CollectionName": {
          "DataType": null,
          "DefaultValue": "collectionName",
          "Description": "This is the name of the collection to be monitored."
        }
      },
      "ConfigPlace": "/content/CosmosDBTrigger-CSharp/.template.config/template.json",
      "LocaleConfigMountPointId": "00000000-0000-0000-0000-000000000000",
      "LocaleConfigPlace": null,
      "HostConfigMountPointId": "00000000-0000-0000-0000-000000000000",
      "HostConfigPlace": null,
      "ThirdPartyNotices": null,
      "BaselineInfo": {}
    },
    {
      "ConfigMountPointId": "1b1ebc56-2b16-4acb-a372-9cfda1e3f0cf",
      "Author": "Microsoft",
      "Classifications": [
        "Azure Function"
      ],
      "DefaultName": "SendGridCSharp",
      "Description": "",
      "Identity": "Azure.Function.CSharp.SendGrid.1.x",
      "GeneratorId": "0c434df7-e2cb-4dee-b216-d7c58c8eb4b3",
      "GroupIdentity": "Azure.Function.SendGrid",
      "Precedence": 0,
      "Name": "SendGrid",
      "ShortName": "SendGrid",
      "Tags": {
        "language": {
          "Description": null,
          "ChoicesAndDescriptions": {
            "C#": ""
          },
          "DefaultValue": "C#"
        },
        "type": {
          "Description": null,
          "ChoicesAndDescriptions": {
            "item": ""
          },
          "DefaultValue": "item"
        }
      },
      "CacheParameters": {
        "name": {
          "DataType": "string",
          "DefaultValue": null,
          "Description": "The default name symbol"
        },
        "namespace": {
          "DataType": null,
          "DefaultValue": null,
          "Description": "namespace for the generated code"
        },
        "Connection": {
          "DataType": null,
          "DefaultValue": "",
          "Description": "The name of the app setting containing your Storage connection."
        },
        "QueueName": {
          "DataType": null,
          "DefaultValue": "sampleMessages",
          "Description": "This is the path within your storage account that the trigger will monitor."
        },
        "ApiKey": {
          "DataType": null,
          "DefaultValue": "",
          "Description": "The name of the app setting containing your SendGrid developer API key."
        },
        "FromEmail": {
          "DataType": null,
          "DefaultValue": "SenderEmail@org.com",
          "Description": "The email address the message is sent from."
        }
      },
      "ConfigPlace": "/content/SendGrid-CSharp/.template.config/template.json",
      "LocaleConfigMountPointId": "00000000-0000-0000-0000-000000000000",
      "LocaleConfigPlace": null,
      "HostConfigMountPointId": "00000000-0000-0000-0000-000000000000",
      "HostConfigPlace": null,
      "ThirdPartyNotices": null,
      "BaselineInfo": {}
    },
    {
      "ConfigMountPointId": "1b1ebc56-2b16-4acb-a372-9cfda1e3f0cf",
      "Author": "Microsoft",
      "Classifications": [
        "Azure Function"
      ],
      "DefaultName": "IotHubTriggerCSharp",
      "Description": "",
      "Identity": "Azure.Function.CSharp.IotHubTrigger.1.x",
      "GeneratorId": "0c434df7-e2cb-4dee-b216-d7c58c8eb4b3",
      "GroupIdentity": "Azure.Function.IotHubTrigger",
      "Precedence": 0,
      "Name": "IotHubTrigger",
      "ShortName": "IotHub",
      "Tags": {
        "language": {
          "Description": null,
          "ChoicesAndDescriptions": {
            "C#": ""
          },
          "DefaultValue": "C#"
        },
        "type": {
          "Description": null,
          "ChoicesAndDescriptions": {
            "item": ""
          },
          "DefaultValue": "item"
        }
      },
      "CacheParameters": {
        "name": {
          "DataType": "string",
          "DefaultValue": null,
          "Description": "The default name symbol"
        },
        "namespace": {
          "DataType": null,
          "DefaultValue": null,
          "Description": "namespace for the generated code"
        },
        "Connection": {
          "DataType": null,
          "DefaultValue": "",
          "Description": "The name of the app setting containing your Iot Hub connection string. The connection string must have Send permissions. Should include the EntityPath"
        },
        "Path": {
          "DataType": null,
          "DefaultValue": "messages/events",
          "Description": "This is the name of the iot hub endpoint to which messages will be sent."
        }
      },
      "ConfigPlace": "/content/IotHubTrigger-CSharpVS/.template.config/template.json",
      "LocaleConfigMountPointId": "00000000-0000-0000-0000-000000000000",
      "LocaleConfigPlace": null,
      "HostConfigMountPointId": "00000000-0000-0000-0000-000000000000",
      "HostConfigPlace": null,
      "ThirdPartyNotices": null,
      "BaselineInfo": {}
    },
    {
      "ConfigMountPointId": "9aa847ed-d1d4-4be4-97dc-01091acdb8a6",
      "Author": "Microsoft",
      "Classifications": [
        "AzureFunctions",
        "ClassLib"
      ],
      "DefaultName": "Company.FunctionApp",
      "Description": "",
      "Identity": "Microsoft.AzureFunctions.ProjectTemplate.CSharp.1.x",
      "GeneratorId": "0c434df7-e2cb-4dee-b216-d7c58c8eb4b3",
      "GroupIdentity": "Microsoft.AzureFunctions.ProjectTemplates",
      "Precedence": 100,
      "Name": "Azure Functions",
      "ShortName": "azureFunctionsProjectTemplates",
      "Tags": {
        "language": {
          "Description": null,
          "ChoicesAndDescriptions": {
            "C#": ""
          },
          "DefaultValue": "C#"
        },
        "type": {
          "Description": null,
          "ChoicesAndDescriptions": {
            "project": ""
          },
          "DefaultValue": "project"
        }
      },
      "CacheParameters": {
        "name": {
          "DataType": "string",
          "DefaultValue": null,
          "Description": "The default name symbol"
        },
        "StorageConnectionStringValue": {
          "DataType": "AzureStorage",
          "DefaultValue": "",
          "Description": "The connection string for your Azure WebJobs Storage."
        },
        "AzureFunctionsVersion": {
          "DataType": null,
          "DefaultValue": "",
          "Description": "The setting that determines the target release"
        }
      },
      "ConfigPlace": "/content/ProjectTemplate/.template.config/template.json",
      "LocaleConfigMountPointId": "00000000-0000-0000-0000-000000000000",
      "LocaleConfigPlace": null,
      "HostConfigMountPointId": "9aa847ed-d1d4-4be4-97dc-01091acdb8a6",
      "HostConfigPlace": "/content/ProjectTemplate/.template.config/dotnetcli.host.json",
      "ThirdPartyNotices": null,
      "BaselineInfo": {}
    }
  ]
}