{
  "InstalledItems": {
    "f9598b92-9bea-404a-a23c-a019c4bf2aee": "NUnit3.DotNetNew.Template",
    "db79969a-9bbd-4f64-adf5-f6ac912ac9c8": "Microsoft.DotNet.Web.ProjectTemplates.2.1",
    "f9afc4eb-6ea0-47fc-83a1-61a0407d4945": "Microsoft.DotNet.Web.Spa.ProjectTemplates",
    "11dcb4ae-94a4-425f-adb8-b63d1d6cdcc8": "Microsoft.DotNet.Web.ItemTemplates",
    "c71c8775-52f0-4fa9-800f-97efb304af0d": "Microsoft.DotNet.Common.ProjectTemplates.2.1",
    "17a0b7dd-dd8b-4539-b0bd-edb2836761f3": "Microsoft.DotNet.Common.ItemTemplates",
    "d4c73f9c-56f8-49bd-a421-2b54467517ad": "Microsoft.DotNet.Test.ProjectTemplates.2.1"
  },
  "Descriptors": {}
}