New Brain...,MAINMENU_FILE_NEW_BRAIN_TEXT,Command+N
Open Brain...,MAINMENU_FILE_OPEN_BRAIN_TEXT,Command+O
Create BrainZip,MAINMENU_FILE_CREATE_BRAINZIP_TEXT,Command+R
Close Brain,MAINMENU_FILE_CLOSE_BRAIN_TEXT,Command+W
Print Plex,MAINMENU_FILE_PRINT_TEXT,Command+P
SiteBrain HTML,MAINMENU_FILE_EXPORT_XML_TEXT,Command+Alt+H
Simple HTML,MAINMENU_FILE_EXPORT_HTML_TEXT,Command+Alt+S
Brain XML,MAINMENU_FILE_EXPORT_PB_XML_TEXT,Command+Alt+X
BrainEKP XML,MAINMENU_FILE_EXPORT_PBA_TEXT,Command+Alt+K
To Folders,MAINMENU_FILE_EXPORT_FOLDERS_TEXT,Command+Alt+F
Paste into Plex,MAINMENU_EDIT_PASTE_TEXT,Command+Shift+V
Tags,MAINMENU_THOUGHT_TAGS_TEXT,Command+T
Thought Type,MAINMENU_THOUGHT_THOUGHT_TYPE_TEXT,Command+Shift+T
New Tag,NEW_TAG,Alt+T
New Type,NEW_TYPE,Alt+Shift+T
Create Child,MAINMENU_THOUGHT_CREATE_CHILD_TEXT,Command+DOWN
Create Parent,MAINMENU_THOUGHT_CREATE_PARENT_TEXT,Command+UP
Create Jump,MAINMENU_THOUGHT_CREATE_JUMP_TEXT,Command+LEFT
Create Pin,MAINMENU_THOUGHT_CREATE_PIN_TEXT,Alt+P
Remove Pin,MAINMENU_THOUGHT_REMOVE_PIN_TEXT,Alt+Shift+P
Capture Thought Icon,MAINMENU_THOUGHT_CAPTURE_THOUGHT_ICON_TEXT,Command+Shift+I
Open Thought Folder,MAINMENU_THOUGHT_OPEN_THOUGHT_FOLDER_TEXT,Command+Shift+F
Create Duplicate Child Thought,MAINMENU_EDIT_DUPLICATE_THOUGHT_TEXT,Command+Shift+D
Delete,MAINMENU_THOUGHT_DELETE_TEXT,Alt+D
Forget,MAINMENU_THOUGHT_FORGET_TEXT,Alt+F
Rename/Edit,MAINMENU_THOUGHT_RENAME_TEXT,Command+ENTER
Open Thought Window,MAINMENU_THOUGHT_PROPERTIES_ATTACHMENTS_TEXT,Command+Shift+ENTER
Open Notes Window,MAINMENU_THOUGHT_OPEN_NOTES_WINDOW_TEXT,Ctrl+Shift+M
Normal,MAINMENU_VIEW_NORMAL_TEXT,Ctrl+Shift+1
Outline,MAINMENU_VIEW_OUTLINE_TEXT,Ctrl+Shift+2
Last Expanded,MAINMENU_VIEW_LAST_EXPANDED_TEXT,Ctrl+Shift+3
New Expanded,MAINMENU_VIEW_NEW_EXPANDED_TEXT,Ctrl+Shift+4
Expand All,MAINMENU_VIEW_EXPAND_ALL_TEXT,Command+EQUALS
Collapse All,MAINMENU_VIEW_COLLAPSE_ALL_TEXT,Command+MINUS
Presentation Mode,MAINMENU_VIEW_PRESENTATION_MODE_TEXT,Ctrl+Shift+P
Web Search,MAINMENU_OPTIONS_WEB_SEARCH_TEXT,Command+E
Back,MAINTOOLBAR_BUTTON_BACK_TEXT,Alt+LEFT
Forward,MAINTOOLBAR_BUTTON_FORWARD_TEXT,Alt+RIGHT
Home,MAINTOOLBAR_BUTTON_HOME_TEXT,Command+Shift+UP
Expand All,MAINTOOLBAR_BUTTON_EXPAND_TEXT,HOME
Collapse All,MAINTOOLBAR_BUTTON_COLLAPSE_TEXT,END
Focus on Plex (Instant Activate),FOCUS_PLEX,Command+G
Focus on Tools > Notes,FOCUS_NOTES,Ctrl+M
Focus on Tools > Thought,FOCUS_PA,Ctrl+T
Focus on Tools > Search,FOCUS_SEARCH,Ctrl+S
Focus on Tools > Calendar,FOCUS_CALENDAR,Ctrl+C
Plex > Maximize,MAXIMIZE_PLEX,Command+QUOTE
Plex > Pin 1,ACCELERATOR_PIN1,Ctrl+1
Plex > Pin 2,ACCELERATOR_PIN2,Ctrl+2
Plex > Pin 3,ACCELERATOR_PIN3,Ctrl+3
Plex > Pin 4,ACCELERATOR_PIN4,Ctrl+4
Plex > Pin 5,ACCELERATOR_PIN5,Ctrl+5
Plex > Pin 6,ACCELERATOR_PIN6,Ctrl+6
Plex > Pin 7,ACCELERATOR_PIN7,Ctrl+7
Plex > Pin 8,ACCELERATOR_PIN8,Ctrl+8
Plex > Pin 9,ACCELERATOR_PIN9,Ctrl+9
Plex > Pin 10,ACCELERATOR_PIN10,Ctrl+0
Search > Advanced,SEARCH_ADVANCED,Command+Ctrl+F
Arrow Up,NAVIGATE_UP,UP
Arrow Down,NAVIGATE_DOWN,DOWN
Arrow Left,NAVIGATE_LEFT,LEFT
Arrow Right,NAVIGATE_RIGHT,RIGHT
Expand/Collapse Thought in outline view,EXPAND_COLLAPSE_THOUGHT,SPACE
Forget/Delete highlighted Thought or link,FORGET_DELETE_THOUGHT,DELETE
Activate Thought,ACCELERATOR_ACTIVATE_THOUGHT,ENTER
Open/Add Attachment,ACCELERATOR_OPEN_OR_ADD_ATTACHMENT,Shift+ENTER
