<?xml version="1.0" encoding="UTF-8" standalone="no"?>
<UserBrainPreferences>
  <BrainOptions>
    <alwaysNoServer>true</alwaysNoServer>
    <disableSync>false</disableSync>
    <resizingCircleIsDraggable>false</resizingCircleIsDraggable>
    <openOnClickActive>false</openOnClickActive>
    <showEmptyThoughtIcons>false</showEmptyThoughtIcons>
    <autoCapitalizeNames>true</autoCapitalizeNames>
    <backgroundSpellcheck>false</backgroundSpellcheck>
    <activeThoughtIndicator>true</activeThoughtIndicator>
    <updateToolsOnMouseover>true</updateToolsOnMouseover>
    <saveImagesLocally>true</saveImagesLocally>
    <heavyweightComponentsUsed>false</heavyweightComponentsUsed>
    <showImageThumbnails>true</showImageThumbnails>
    <alwaysOnTop>false</alwaysOnTop>
    <showToolbar>true</showToolbar>
    <showEditionsInfoAtStartup>true</showEditionsInfoAtStartup>
    <showMemoryInfo>false</showMemoryInfo>
    <showNotesIcons>true</showNotesIcons>
    <notesDateFormat>MMM dd, yyyy hh:mm a</notesDateFormat>
    <showVirtualThoughts>false</showVirtualThoughts>
    <activateLastCreatedThought>false</activateLastCreatedThought>
    <hidePinsInPMode>false</hidePinsInPMode>
    <doNotAskToRecommend>true</doNotAskToRecommend>
    <reportFilterType>0</reportFilterType>
    <showWelcomeMessage>false</showWelcomeMessage>
    <showTipsAtStartup>false</showTipsAtStartup>
    <sortByTableColumnIndexNum>0</sortByTableColumnIndexNum>
    <sortByIsReverseCompare>false</sortByIsReverseCompare>
    <firstExpiry>false</firstExpiry>
    <showJavaUpdate>true</showJavaUpdate>
    <linkOnFileDrop>true</linkOnFileDrop>
    <sendToLinkOption>HomeThought</sendToLinkOption>
    <advancedDockingMode>false</advancedDockingMode>
    <thoughtSpellcheck>true</thoughtSpellcheck>
    <checkForUpdates>true</checkForUpdates>
    <proxySet>false</proxySet>
    <proxyRequireAuthentication>false</proxyRequireAuthentication>
    <proxyHost/>
    <proxyPort/>
    <proxyDomain/>
    <proxyUsername/>
    <proxyPassword>+tmHX7cvtBw=</proxyPassword>
    <espClipboard>false</espClipboard>
    <espKeyboard>false</espKeyboard>
    <espIgnoreLowercase>true</espIgnoreLowercase>
    <espCancelIfNotUsed>true</espCancelIfNotUsed>
    <espActivate>0</espActivate>
    <plexType>1</plexType>
    <thoughtOrder>0</thoughtOrder>
    <tipNumber>1</tipNumber>
    <searchBoxWidth>142</searchBoxWidth>
    <searchListWidth>-1</searchListWidth>
    <creationDate>1545913058416</creationDate>
    <filterInactiveMoreThanDays>30</filterInactiveMoreThanDays>
    <thoughtsCreated>174</thoughtsCreated>
    <thoughtsActivated>855</thoughtsActivated>
    <wanderAnimationTime>500</wanderAnimationTime>
    <showGhostThought>false</showGhostThought>
    <normalDistantThoughtSize>0.7</normalDistantThoughtSize>
    <normalChildDistance>3.0</normalChildDistance>
    <normalGrandsonDistance>1.3</normalGrandsonDistance>
    <normalParentChildRatio>0.3</normalParentChildRatio>
    <outlineChildDistance>10</outlineChildDistance>
    <outlineGrandsonDistance>5</outlineGrandsonDistance>
    <PrintImageableArea>18.0,18.0,576.0,756.0,1</PrintImageableArea>
    <showGridlinesInNotesEditor>true</showGridlinesInNotesEditor>
    <mouseWheelResizing>true</mouseWheelResizing>
    <thoughtShadows>false</thoughtShadows>
    <showSiblings>true</showSiblings>
    <enableContextSensitiveNames>true</enableContextSensitiveNames>
    <thoughtBackgrounds>false</thoughtBackgrounds>
    <drawLinks>true</drawLinks>
    <curvedLinks>true</curvedLinks>
    <hideLinkLabel>false</hideLinkLabel>
    <glowLink>false</glowLink>
    <linkWidth>20</linkWidth>
    <expandedViewRecenter>true</expandedViewRecenter>
    <thickenHighlightedLinks>true</thickenHighlightedLinks>
    <collapseOnActivate>false</collapseOnActivate>
    <distantShrink>true</distantShrink>
    <distantFade>true</distantFade>
    <eventsSortedBy>0</eventsSortedBy>
    <eventsSortedAscending>true</eventsSortedAscending>
    <enterDefaultToSearch>true</enterDefaultToSearch>
    <BrainContextInteger Number="1">10</BrainContextInteger>
    <BrainContextInteger Number="3">15</BrainContextInteger>
    <windowDockSide>-1</windowDockSide>
    <windowDockSideXLocation>2520</windowDockSideXLocation>
    <windowDockSideYLocation>350</windowDockSideYLocation>
    <transparentWindowRect/>
    <windowRect>0,23,1024,768</windowRect>
    <dockedWindowRect/>
    <mainWindowMaximized>true</mainWindowMaximized>
    <maxPlex>true</maxPlex>
    <transparentMode>false</transparentMode>
    <userName/>
    <dictionary>en_us</dictionary>
    <recommendMessage/>
    <emailAddress/>
    <serverAddress>webbrain.com</serverAddress>
    <linuxFileBrowser/>
    <childThoughtColumnsAmount>6</childThoughtColumnsAmount>
    <alternateMethodString>rdp;mwp</alternateMethodString>
    <lastWallpaper/>
    <lastExportPath/>
    <lastBrainZipPath/>
    <lastLinkFilePath/>
    <lastLinkFolderPath/>
    <lastMoveFileOutPath/>
    <webSearchEngine/>
    <fileAttachmentSort>Name</fileAttachmentSort>
    <forceWhiteBackground>true</forceWhiteBackground>
    <ShowLastBrainAtStartup>true</ShowLastBrainAtStartup>
    <InstantSearchCaresDate>true</InstantSearchCaresDate>
    <HideTemporaryFiles>true</HideTemporaryFiles>
    <PulsateLastCreatedThought>true</PulsateLastCreatedThought>
    <ForgetThoughtBeforeDelete>true</ForgetThoughtBeforeDelete>
    <DoubleClickMaximizesPlex>false</DoubleClickMaximizesPlex>
    <CopyCutPasteNotesAsPureText>false</CopyCutPasteNotesAsPureText>
    <showModificationInfoInReports>false</showModificationInfoInReports>
    <googleAccountUsername/>
    <googleAccountPassword/>
    <webBrainAccountUsername/>
    <webBrainAccountPassword/>
    <webBrainLastName/>
    <webBrainFirstName/>
    <webBrainUserGuid/>
    <autoSyncingBrains/>
    <attachmentsSortCriterion>Name</attachmentsSortCriterion>
    <screenSaverBrain/>
    <recentBrain0>/Users/sivdevas/P.S.brain</recentBrain0>
    <brainFolder0>/Users/sivdevas</brainFolder0>
    <brainSortOrder>0</brainSortOrder>
  </BrainOptions>
  <SearchOptions>
    <mergeResults>true</mergeResults>
    <avoidDuplicity>false</avoidDuplicity>
    <indexFileAttachments>true</indexFileAttachments>
    <indexUrlAttachments>true</indexUrlAttachments>
    <maximumResultsSize>100</maximumResultsSize>
    <resultsPerPage>10</resultsPerPage>
    <defaultSort>Relevance</defaultSort>
    <maximumFileSize>100</maximumFileSize>
    <refreshWebPages>Never</refreshWebPages>
    <onlyUnderActive>7</onlyUnderActive>
    <modifiedSince/>
  </SearchOptions>
</UserBrainPreferences>
