{
  "InstalledItems": {
    "61371133-89c9-4d78-97e8-6234559191c1": "Microsoft.DotNet.Web.ProjectTemplates.2.2",
    "c528d428-0ae5-4951-b5e2-8e6225be4798": "Microsoft.DotNet.Web.ItemTemplates",
    "8bd32743-b66c-4229-b42f-f47674459bc5": "Microsoft.DotNet.Test.ProjectTemplates.2.2",
    "9f9ffb50-0bc5-4215-95fa-7d564f594952": "NUnit3.DotNetNew.Template",
    "0de86cb2-bc82-4b1e-9b46-0ff737b70b8c": "Microsoft.DotNet.Common.ProjectTemplates.2.2",
    "b5a269e3-3969-4e08-bb78-e00c9a195644": "Microsoft.DotNet.Web.Spa.ProjectTemplates",
    "d8f4424c-5b33-40fd-a358-aef3ee3e633d": "Microsoft.DotNet.Common.ItemTemplates"
  },
  "Descriptors": {}
}