{"kind":"APIResourceList","apiVersion":"v1","groupVersion":"compose.docker.com/v1beta2","resources":[{"name":"stacks","singularName":"","namespaced":true,"kind":"Stack","verbs":["create","delete","deletecollection","get","list","patch","update","watch"]},{"name":"stacks/composefile","singularName":"","namespaced":true,"kind":"ComposeFile","verbs":["create","get","patch","update"]},{"name":"stacks/log","singularName":"","namespaced":true,"kind":"Stack","verbs":[]},{"name":"stacks/owner","singularName":"","namespaced":true,"kind":"Owner","verbs":["get"]},{"name":"stacks/scale","singularName":"","namespaced":true,"kind":"Scale","verbs":["get","patch","update"]}]}
